{"attribution":{"osm_extract_date":"2024-01-15","text":"© OpenStreetMap contributors, data available under the Open Database License (ODbL). Additional sources: India Meteorological Department, Cyclone Michaung bulletins, December 2023; weather values here are synthetic and Michaung-style. Authored synthetic Weather_Snapshot for the Minnal demo; no third-party weather values reproduced."},"features":[{"geometry":{"coordinates":[80.287543,12.970246],"type":"Point"},"id":"dt_001","properties":{"customer_count":56,"feature_type":"DT","id":"dt_001","parent_id":"lat_001","synthetic":true},"type":"Feature"},{"geometry":{"coordinates":[80.207455,13.060612],"type":"Point"},"id":"dt_002","properties":{"customer_count":597,"feature_type":"DT","id":"dt_002","parent_id":"lat_002","synthetic":true},"type":"Feature"},{"geometry":{"coordinates":[80.17469,12.957499],"type":"Point"},"id":"dt_003","properties":{"customer_count":1162,"feature_type":"DT","id":"dt_003","parent_id":"lat_003","synthetic":true},"type":"Feature"},{"geometry":{"coordinates":[80.274191,12.968438],"type":"Point"},"id":"dt_004","properties":{"customer_count":1875,"feature_type":"DT","id":"dt_004","parent_id":"lat_004","synthetic":true},"type":"Feature"},{"geometry":{"coordinates":[80.170273,13.024644],"type":"Point"},"id":"dt_005","properties":{"customer_count":1752,"feature_type":"DT","id":"dt_005","parent_id":"lat_005","synthetic":true},"type":"Feature"},{"geometry":{"coordinates":[80.256799,13.126855],"type":"Point"},"id":"dt_006","properties":{"customer_count":1695,"feature_type":"DT","id":"dt_006","parent_id":"lat_006","synthetic":true},"type":"Feature"},{"geometry":{"coordinates":[80.170925,13.117708],"type":"Point"},"id":"dt_007","properties":{"customer_count":690,"feature_type":"DT","id":"dt_007","parent_id":"lat_007","synthetic":true},"type":"Feature"},{"geometry":{"coordinates":[80.268365,13.113451],"type":"Point"},"id":"dt_008","properties":{"customer_count":207,"feature_type":"DT","id":"dt_008","parent_id":"lat_008","synthetic":true},"type":"Feature"},{"geometry":{"coordinates":[80.251274,13.075582],"type":"Point"},"id":"dt_009","properties":{"customer_count":1700,"feature_type":"DT","id":"dt_009","parent_id":"lat_009","synthetic":true},"type":"Feature"},{"geometry":{"coordinates":[80.283568,13.045971],"type":"Point"},"id":"dt_010","properties":{"customer_count":364,"feature_type":"DT","id":"dt_010","parent_id":"lat_010","synthetic":true},"type":"Feature"},{"geometry":{"coordinates":[80.276621,12.994152],"type":"Point"},"id":"dt_011","properties":{"customer_count":856,"feature_type":"DT","id":"dt_011","parent_id":"lat_011","synthetic":true},"type":"Feature"},{"geometry":{"coordinates":[80.275285,13.083151],"type":"Point"},"id":"dt_012","properties":{"customer_count":40,"feature_type":"DT","id":"dt_012","parent_id":"lat_012","synthetic":true},"type":"Feature"},{"geometry":{"coordinates":[80.285582,13.021699],"type":"Point"},"id":"dt_013","properties":{"customer_count":859,"feature_type":"DT","id":"dt_013","parent_id":"lat_013","synthetic":true},"type":"Feature"},{"geometry":{"coordinates":[80.170677,13.032615],"type":"Point"},"id":"dt_014","properties":{"customer_count":346,"feature_type":"DT","id":"dt_014","parent_id":"lat_014","synthetic":true},"type":"Feature"},{"geometry":{"coordinates":[80.235824,12.96541],"type":"Point"},"id":"dt_015","properties":{"customer_count":19,"feature_type":"DT","id":"dt_015","parent_id":"lat_015","synthetic":true},"type":"Feature"},{"geometry":{"coordinates":[80.227049,13.073347],"type":"Point"},"id":"dt_016","properties":{"customer_count":1962,"feature_type":"DT","id":"dt_016","parent_id":"lat_016","synthetic":true},"type":"Feature"},{"geometry":{"coordinates":[80.225526,13.017863],"type":"Point"},"id":"dt_017","properties":{"customer_count":1873,"feature_type":"DT","id":"dt_017","parent_id":"lat_017","synthetic":true},"type":"Feature"},{"geometry":{"coordinates":[80.284676,13.056558],"type":"Point"},"id":"dt_018","properties":{"customer_count":1045,"feature_type":"DT","id":"dt_018","parent_id":"lat_018","synthetic":true},"type":"Feature"},{"geometry":{"coordinates":[80.226571,13.085469],"type":"Point"},"id":"dt_019","properties":{"customer_count":1428,"feature_type":"DT","id":"dt_019","parent_id":"lat_019","synthetic":true},"type":"Feature"},{"geometry":{"coordinates":[80.243084,13.109591],"type":"Point"},"id":"dt_020","properties":{"customer_count":140,"feature_type":"DT","id":"dt_020","parent_id":"lat_020","synthetic":true},"type":"Feature"},{"geometry":{"coordinates":[80.159178,13.139568],"type":"Point"},"id":"dt_021","properties":{"customer_count":970,"feature_type":"DT","id":"dt_021","parent_id":"lat_021","synthetic":true},"type":"Feature"},{"geometry":{"coordinates":[80.235559,13.12444],"type":"Point"},"id":"dt_022","properties":{"customer_count":1760,"feature_type":"DT","id":"dt_022","parent_id":"lat_022","synthetic":true},"type":"Feature"},{"geometry":{"coordinates":[80.259868,13.097452],"type":"Point"},"id":"dt_023","properties":{"customer_count":19,"feature_type":"DT","id":"dt_023","parent_id":"lat_023","synthetic":true},"type":"Feature"},{"geometry":{"coordinates":[80.284297,13.061962],"type":"Point"},"id":"dt_024","properties":{"customer_count":1432,"feature_type":"DT","id":"dt_024","parent_id":"lat_024","synthetic":true},"type":"Feature"},{"geometry":{"coordinates":[80.262338,13.01751],"type":"Point"},"id":"dt_025","properties":{"customer_count":1745,"feature_type":"DT","id":"dt_025","parent_id":"lat_025","synthetic":true},"type":"Feature"},{"geometry":{"coordinates":[80.194086,13.113843],"type":"Point"},"id":"dt_026","properties":{"customer_count":331,"feature_type":"DT","id":"dt_026","parent_id":"lat_026","synthetic":true},"type":"Feature"},{"geometry":{"coordinates":[80.318689,13.065641],"type":"Point"},"id":"dt_027","properties":{"customer_count":1858,"feature_type":"DT","id":"dt_027","parent_id":"lat_027","synthetic":true},"type":"Feature"},{"geometry":{"coordinates":[80.220317,13.089826],"type":"Point"},"id":"dt_028","properties":{"customer_count":747,"feature_type":"DT","id":"dt_028","parent_id":"lat_028","synthetic":true},"type":"Feature"},{"geometry":{"coordinates":[80.26893,12.997993],"type":"Point"},"id":"dt_029","properties":{"customer_count":967,"feature_type":"DT","id":"dt_029","parent_id":"lat_029","synthetic":true},"type":"Feature"},{"geometry":{"coordinates":[80.206212,13.11275],"type":"Point"},"id":"dt_030","properties":{"customer_count":348,"feature_type":"DT","id":"dt_030","parent_id":"lat_030","synthetic":true},"type":"Feature"},{"geometry":{"coordinates":[80.189289,13.109283],"type":"Point"},"id":"dt_031","properties":{"customer_count":1661,"feature_type":"DT","id":"dt_031","parent_id":"lat_031","synthetic":true},"type":"Feature"},{"geometry":{"coordinates":[80.254562,12.958113],"type":"Point"},"id":"dt_032","properties":{"customer_count":919,"feature_type":"DT","id":"dt_032","parent_id":"lat_032","synthetic":true},"type":"Feature"},{"geometry":{"coordinates":[80.217581,13.140358],"type":"Point"},"id":"dt_033","properties":{"customer_count":1716,"feature_type":"DT","id":"dt_033","parent_id":"lat_033","synthetic":true},"type":"Feature"},{"geometry":{"coordinates":[80.277639,12.993682],"type":"Point"},"id":"dt_034","properties":{"customer_count":1336,"feature_type":"DT","id":"dt_034","parent_id":"lat_034","synthetic":true},"type":"Feature"},{"geometry":{"coordinates":[80.218194,13.058109],"type":"Point"},"id":"dt_035","properties":{"customer_count":1228,"feature_type":"DT","id":"dt_035","parent_id":"lat_035","synthetic":true},"type":"Feature"},{"geometry":{"coordinates":[80.158538,12.982981],"type":"Point"},"id":"dt_036","properties":{"customer_count":229,"feature_type":"DT","id":"dt_036","parent_id":"lat_036","synthetic":true},"type":"Feature"},{"geometry":{"coordinates":[80.190512,12.966947],"type":"Point"},"id":"dt_037","properties":{"customer_count":1297,"feature_type":"DT","id":"dt_037","parent_id":"lat_037","synthetic":true},"type":"Feature"},{"geometry":{"coordinates":[80.2935,12.9544],"type":"Point"},"id":"dt_038","properties":{"customer_count":1229,"feature_type":"DT","id":"dt_038","parent_id":"lat_038","synthetic":true},"type":"Feature"},{"geometry":{"coordinates":[80.152249,13.14195],"type":"Point"},"id":"dt_039","properties":{"customer_count":131,"feature_type":"DT","id":"dt_039","parent_id":"lat_039","synthetic":true},"type":"Feature"},{"geometry":{"coordinates":[80.232237,13.115157],"type":"Point"},"id":"dt_040","properties":{"customer_count":1732,"feature_type":"DT","id":"dt_040","parent_id":"lat_040","synthetic":true},"type":"Feature"},{"geometry":{"coordinates":[80.167715,13.134522],"type":"Point"},"id":"dt_041","properties":{"customer_count":275,"feature_type":"DT","id":"dt_041","parent_id":"lat_041","synthetic":true},"type":"Feature"},{"geometry":{"coordinates":[80.163318,13.051562],"type":"Point"},"id":"dt_042","properties":{"customer_count":513,"feature_type":"DT","id":"dt_042","parent_id":"lat_042","synthetic":true},"type":"Feature"},{"geometry":{"coordinates":[80.226509,13.092494],"type":"Point"},"id":"dt_043","properties":{"customer_count":385,"feature_type":"DT","id":"dt_043","parent_id":"lat_043","synthetic":true},"type":"Feature"},{"geometry":{"coordinates":[80.271687,13.084834],"type":"Point"},"id":"dt_044","properties":{"customer_count":1339,"feature_type":"DT","id":"dt_044","parent_id":"lat_044","synthetic":true},"type":"Feature"},{"geometry":{"coordinates":[80.22546,13.06359],"type":"Point"},"id":"dt_045","properties":{"customer_count":1375,"feature_type":"DT","id":"dt_045","parent_id":"lat_045","synthetic":true},"type":"Feature"},{"geometry":{"coordinates":[80.29802,12.962018],"type":"Point"},"id":"dt_046","properties":{"customer_count":1500,"feature_type":"DT","id":"dt_046","parent_id":"lat_046","synthetic":true},"type":"Feature"},{"geometry":{"coordinates":[80.238957,13.043776],"type":"Point"},"id":"dt_047","properties":{"customer_count":1365,"feature_type":"DT","id":"dt_047","parent_id":"lat_047","synthetic":true},"type":"Feature"},{"geometry":{"coordinates":[80.195744,12.959392],"type":"Point"},"id":"dt_048","properties":{"customer_count":1094,"feature_type":"DT","id":"dt_048","parent_id":"lat_048","synthetic":true},"type":"Feature"},{"geometry":{"coordinates":[80.306321,13.001474],"type":"Point"},"id":"dt_049","properties":{"customer_count":1889,"feature_type":"DT","id":"dt_049","parent_id":"lat_049","synthetic":true},"type":"Feature"},{"geometry":{"coordinates":[80.2077,13.074972],"type":"Point"},"id":"dt_050","properties":{"customer_count":743,"feature_type":"DT","id":"dt_050","parent_id":"lat_050","synthetic":true},"type":"Feature"},{"geometry":{"coordinates":[80.230484,13.134111],"type":"Point"},"id":"dt_051","properties":{"customer_count":600,"feature_type":"DT","id":"dt_051","parent_id":"lat_051","synthetic":true},"type":"Feature"},{"geometry":{"coordinates":[80.195161,13.104394],"type":"Point"},"id":"dt_052","properties":{"customer_count":839,"feature_type":"DT","id":"dt_052","parent_id":"lat_052","synthetic":true},"type":"Feature"},{"geometry":{"coordinates":[80.301302,13.146312],"type":"Point"},"id":"dt_053","properties":{"customer_count":415,"feature_type":"DT","id":"dt_053","parent_id":"lat_053","synthetic":true},"type":"Feature"},{"geometry":{"coordinates":[80.17611,13.067675],"type":"Point"},"id":"dt_054","properties":{"customer_count":274,"feature_type":"DT","id":"dt_054","parent_id":"lat_054","synthetic":true},"type":"Feature"},{"geometry":{"coordinates":[80.235357,13.004228],"type":"Point"},"id":"dt_055","properties":{"customer_count":1662,"feature_type":"DT","id":"dt_055","parent_id":"lat_055","synthetic":true},"type":"Feature"},{"geometry":{"coordinates":[80.231399,13.047059],"type":"Point"},"id":"dt_056","properties":{"customer_count":278,"feature_type":"DT","id":"dt_056","parent_id":"lat_056","synthetic":true},"type":"Feature"},{"geometry":{"coordinates":[80.271311,13.070702],"type":"Point"},"id":"dt_057","properties":{"customer_count":856,"feature_type":"DT","id":"dt_057","parent_id":"lat_057","synthetic":true},"type":"Feature"},{"geometry":{"coordinates":[80.150971,13.000013],"type":"Point"},"id":"dt_058","properties":{"customer_count":126,"feature_type":"DT","id":"dt_058","parent_id":"lat_058","synthetic":true},"type":"Feature"},{"geometry":{"coordinates":[80.2712,13.073632],"type":"Point"},"id":"dt_059","properties":{"customer_count":1930,"feature_type":"DT","id":"dt_059","parent_id":"lat_059","synthetic":true},"type":"Feature"},{"geometry":{"coordinates":[80.25949,13.064066],"type":"Point"},"id":"dt_060","properties":{"customer_count":913,"feature_type":"DT","id":"dt_060","parent_id":"lat_060","synthetic":true},"type":"Feature"},{"geometry":{"coordinates":[80.189465,13.000428],"type":"Point"},"id":"dt_061","properties":{"customer_count":715,"feature_type":"DT","id":"dt_061","parent_id":"lat_007","synthetic":true},"type":"Feature"},{"geometry":{"coordinates":[80.309309,13.04602],"type":"Point"},"id":"dt_062","properties":{"customer_count":407,"feature_type":"DT","id":"dt_062","parent_id":"lat_011","synthetic":true},"type":"Feature"},{"geometry":{"coordinates":[80.206267,13.087682],"type":"Point"},"id":"dt_063","properties":{"customer_count":373,"feature_type":"DT","id":"dt_063","parent_id":"lat_019","synthetic":true},"type":"Feature"},{"geometry":{"coordinates":[80.313823,13.008045],"type":"Point"},"id":"dt_064","properties":{"customer_count":1169,"feature_type":"DT","id":"dt_064","parent_id":"lat_021","synthetic":true},"type":"Feature"},{"geometry":{"coordinates":[80.294908,13.066599],"type":"Point"},"id":"dt_065","properties":{"customer_count":284,"feature_type":"DT","id":"dt_065","parent_id":"lat_034","synthetic":true},"type":"Feature"},{"geometry":{"coordinates":[80.220353,12.998262],"type":"Point"},"id":"dt_066","properties":{"customer_count":1316,"feature_type":"DT","id":"dt_066","parent_id":"lat_012","synthetic":true},"type":"Feature"},{"geometry":{"coordinates":[80.249226,13.028255],"type":"Point"},"id":"dt_067","properties":{"customer_count":1777,"feature_type":"DT","id":"dt_067","parent_id":"lat_043","synthetic":true},"type":"Feature"},{"geometry":{"coordinates":[80.274899,13.110902],"type":"Point"},"id":"dt_068","properties":{"customer_count":1135,"feature_type":"DT","id":"dt_068","parent_id":"lat_059","synthetic":true},"type":"Feature"},{"geometry":{"coordinates":[80.273477,13.118663],"type":"Point"},"id":"dt_069","properties":{"customer_count":610,"feature_type":"DT","id":"dt_069","parent_id":"lat_002","synthetic":true},"type":"Feature"},{"geometry":{"coordinates":[80.276573,13.079092],"type":"Point"},"id":"dt_070","properties":{"customer_count":431,"feature_type":"DT","id":"dt_070","parent_id":"lat_053","synthetic":true},"type":"Feature"},{"geometry":{"coordinates":[80.159609,12.958933],"type":"Point"},"id":"dt_071","properties":{"customer_count":1743,"feature_type":"DT","id":"dt_071","parent_id":"lat_049","synthetic":true},"type":"Feature"},{"geometry":{"coordinates":[80.273203,13.133861],"type":"Point"},"id":"dt_072","properties":{"customer_count":725,"feature_type":"DT","id":"dt_072","parent_id":"lat_039","synthetic":true},"type":"Feature"},{"geometry":{"coordinates":[80.187186,13.091754],"type":"Point"},"id":"dt_073","properties":{"customer_count":594,"feature_type":"DT","id":"dt_073","parent_id":"lat_009","synthetic":true},"type":"Feature"},{"geometry":{"coordinates":[80.230108,13.103074],"type":"Point"},"id":"dt_074","properties":{"customer_count":928,"feature_type":"DT","id":"dt_074","parent_id":"lat_034","synthetic":true},"type":"Feature"},{"geometry":{"coordinates":[80.167604,13.106971],"type":"Point"},"id":"dt_075","properties":{"customer_count":1735,"feature_type":"DT","id":"dt_075","parent_id":"lat_003","synthetic":true},"type":"Feature"},{"geometry":{"coordinates":[80.163725,13.108255],"type":"Point"},"id":"dt_076","properties":{"customer_count":1251,"feature_type":"DT","id":"dt_076","parent_id":"lat_011","synthetic":true},"type":"Feature"},{"geometry":{"coordinates":[80.302625,13.049278],"type":"Point"},"id":"dt_077","properties":{"customer_count":630,"feature_type":"DT","id":"dt_077","parent_id":"lat_044","synthetic":true},"type":"Feature"},{"geometry":{"coordinates":[80.310916,13.148766],"type":"Point"},"id":"dt_078","properties":{"customer_count":450,"feature_type":"DT","id":"dt_078","parent_id":"lat_042","synthetic":true},"type":"Feature"},{"geometry":{"coordinates":[80.205733,13.131391],"type":"Point"},"id":"dt_079","properties":{"customer_count":283,"feature_type":"DT","id":"dt_079","parent_id":"lat_054","synthetic":true},"type":"Feature"},{"geometry":{"coordinates":[80.239553,12.988853],"type":"Point"},"id":"dt_080","properties":{"customer_count":249,"feature_type":"DT","id":"dt_080","parent_id":"lat_025","synthetic":true},"type":"Feature"},{"geometry":{"coordinates":[80.173328,13.032636],"type":"Point"},"id":"dt_081","properties":{"customer_count":260,"feature_type":"DT","id":"dt_081","parent_id":"lat_017","synthetic":true},"type":"Feature"},{"geometry":{"coordinates":[80.188397,13.049694],"type":"Point"},"id":"dt_082","properties":{"customer_count":285,"feature_type":"DT","id":"dt_082","parent_id":"lat_033","synthetic":true},"type":"Feature"},{"geometry":{"coordinates":[80.186726,13.064002],"type":"Point"},"id":"dt_083","properties":{"customer_count":275,"feature_type":"DT","id":"dt_083","parent_id":"lat_058","synthetic":true},"type":"Feature"},{"geometry":{"coordinates":[80.203534,12.977917],"type":"Point"},"id":"dt_084","properties":{"customer_count":693,"feature_type":"DT","id":"dt_084","parent_id":"lat_016","synthetic":true},"type":"Feature"},{"geometry":{"coordinates":[80.208571,13.128185],"type":"Point"},"id":"dt_085","properties":{"customer_count":1772,"feature_type":"DT","id":"dt_085","parent_id":"lat_007","synthetic":true},"type":"Feature"},{"geometry":{"coordinates":[80.302241,12.951939],"type":"Point"},"id":"dt_086","properties":{"customer_count":294,"feature_type":"DT","id":"dt_086","parent_id":"lat_036","synthetic":true},"type":"Feature"},{"geometry":{"coordinates":[80.291551,13.015747],"type":"Point"},"id":"dt_087","properties":{"customer_count":898,"feature_type":"DT","id":"dt_087","parent_id":"lat_059","synthetic":true},"type":"Feature"},{"geometry":{"coordinates":[80.303552,12.980266],"type":"Point"},"id":"dt_088","properties":{"customer_count":1276,"feature_type":"DT","id":"dt_088","parent_id":"lat_030","synthetic":true},"type":"Feature"},{"geometry":{"coordinates":[80.1747,13.082777],"type":"Point"},"id":"dt_089","properties":{"customer_count":100,"feature_type":"DT","id":"dt_089","parent_id":"lat_034","synthetic":true},"type":"Feature"},{"geometry":{"coordinates":[80.297691,13.015264],"type":"Point"},"id":"dt_090","properties":{"customer_count":407,"feature_type":"DT","id":"dt_090","parent_id":"lat_054","synthetic":true},"type":"Feature"},{"geometry":{"coordinates":[80.211943,13.072353],"type":"Point"},"id":"dt_091","properties":{"customer_count":566,"feature_type":"DT","id":"dt_091","parent_id":"lat_010","synthetic":true},"type":"Feature"},{"geometry":{"coordinates":[80.274826,13.071517],"type":"Point"},"id":"dt_092","properties":{"customer_count":470,"feature_type":"DT","id":"dt_092","parent_id":"lat_058","synthetic":true},"type":"Feature"},{"geometry":{"coordinates":[80.26532,13.057296],"type":"Point"},"id":"dt_093","properties":{"customer_count":1597,"feature_type":"DT","id":"dt_093","parent_id":"lat_048","synthetic":true},"type":"Feature"},{"geometry":{"coordinates":[80.305158,13.135536],"type":"Point"},"id":"dt_094","properties":{"customer_count":1038,"feature_type":"DT","id":"dt_094","parent_id":"lat_003","synthetic":true},"type":"Feature"},{"geometry":{"coordinates":[80.265218,13.145918],"type":"Point"},"id":"dt_095","properties":{"customer_count":809,"feature_type":"DT","id":"dt_095","parent_id":"lat_030","synthetic":true},"type":"Feature"},{"geometry":{"coordinates":[80.156914,13.06348],"type":"Point"},"id":"dt_096","properties":{"customer_count":1268,"feature_type":"DT","id":"dt_096","parent_id":"lat_022","synthetic":true},"type":"Feature"},{"geometry":{"coordinates":[80.291293,13.107823],"type":"Point"},"id":"dt_097","properties":{"customer_count":976,"feature_type":"DT","id":"dt_097","parent_id":"lat_057","synthetic":true},"type":"Feature"},{"geometry":{"coordinates":[80.16771,13.05333],"type":"Point"},"id":"dt_098","properties":{"customer_count":568,"feature_type":"DT","id":"dt_098","parent_id":"lat_049","synthetic":true},"type":"Feature"},{"geometry":{"coordinates":[80.183754,13.059397],"type":"Point"},"id":"dt_099","properties":{"customer_count":1748,"feature_type":"DT","id":"dt_099","parent_id":"lat_060","synthetic":true},"type":"Feature"},{"geometry":{"coordinates":[80.255691,13.082291],"type":"Point"},"id":"dt_100","properties":{"customer_count":163,"feature_type":"DT","id":"dt_100","parent_id":"lat_020","synthetic":true},"type":"Feature"},{"geometry":{"coordinates":[80.250196,13.082947],"type":"Point"},"id":"dt_101","properties":{"customer_count":1144,"feature_type":"DT","id":"dt_101","parent_id":"lat_058","synthetic":true},"type":"Feature"},{"geometry":{"coordinates":[80.291704,13.129676],"type":"Point"},"id":"dt_102","properties":{"customer_count":809,"feature_type":"DT","id":"dt_102","parent_id":"lat_020","synthetic":true},"type":"Feature"},{"geometry":{"coordinates":[80.296524,13.086642],"type":"Point"},"id":"dt_103","properties":{"customer_count":844,"feature_type":"DT","id":"dt_103","parent_id":"lat_029","synthetic":true},"type":"Feature"},{"geometry":{"coordinates":[80.164469,13.14508],"type":"Point"},"id":"dt_104","properties":{"customer_count":1573,"feature_type":"DT","id":"dt_104","parent_id":"lat_048","synthetic":true},"type":"Feature"},{"geometry":{"coordinates":[80.231893,13.027841],"type":"Point"},"id":"dt_105","properties":{"customer_count":624,"feature_type":"DT","id":"dt_105","parent_id":"lat_041","synthetic":true},"type":"Feature"},{"geometry":{"coordinates":[80.267584,12.960692],"type":"Point"},"id":"dt_106","properties":{"customer_count":1252,"feature_type":"DT","id":"dt_106","parent_id":"lat_051","synthetic":true},"type":"Feature"},{"geometry":{"coordinates":[80.277044,13.088069],"type":"Point"},"id":"dt_107","properties":{"customer_count":1120,"feature_type":"DT","id":"dt_107","parent_id":"lat_058","synthetic":true},"type":"Feature"},{"geometry":{"coordinates":[80.264039,12.973526],"type":"Point"},"id":"dt_108","properties":{"customer_count":1756,"feature_type":"DT","id":"dt_108","parent_id":"lat_040","synthetic":true},"type":"Feature"},{"geometry":{"coordinates":[80.22994,13.093389],"type":"Point"},"id":"dt_109","properties":{"customer_count":984,"feature_type":"DT","id":"dt_109","parent_id":"lat_007","synthetic":true},"type":"Feature"},{"geometry":{"coordinates":[80.195048,13.044069],"type":"Point"},"id":"dt_110","properties":{"customer_count":1012,"feature_type":"DT","id":"dt_110","parent_id":"lat_039","synthetic":true},"type":"Feature"},{"geometry":{"coordinates":[80.241298,13.123241],"type":"Point"},"id":"dt_111","properties":{"customer_count":1944,"feature_type":"DT","id":"dt_111","parent_id":"lat_011","synthetic":true},"type":"Feature"},{"geometry":{"coordinates":[80.315466,13.065575],"type":"Point"},"id":"dt_112","properties":{"customer_count":1849,"feature_type":"DT","id":"dt_112","parent_id":"lat_017","synthetic":true},"type":"Feature"},{"geometry":{"coordinates":[80.263318,12.971721],"type":"Point"},"id":"dt_113","properties":{"customer_count":1023,"feature_type":"DT","id":"dt_113","parent_id":"lat_037","synthetic":true},"type":"Feature"},{"geometry":{"coordinates":[80.259532,12.988625],"type":"Point"},"id":"dt_114","properties":{"customer_count":607,"feature_type":"DT","id":"dt_114","parent_id":"lat_030","synthetic":true},"type":"Feature"},{"geometry":{"coordinates":[80.248274,13.106622],"type":"Point"},"id":"dt_115","properties":{"customer_count":861,"feature_type":"DT","id":"dt_115","parent_id":"lat_053","synthetic":true},"type":"Feature"},{"geometry":{"coordinates":[80.191065,13.011067],"type":"Point"},"id":"dt_116","properties":{"customer_count":439,"feature_type":"DT","id":"dt_116","parent_id":"lat_015","synthetic":true},"type":"Feature"},{"geometry":{"coordinates":[80.281177,13.076892],"type":"Point"},"id":"dt_117","properties":{"customer_count":1267,"feature_type":"DT","id":"dt_117","parent_id":"lat_050","synthetic":true},"type":"Feature"},{"geometry":{"coordinates":[80.228941,12.995945],"type":"Point"},"id":"dt_118","properties":{"customer_count":23,"feature_type":"DT","id":"dt_118","parent_id":"lat_029","synthetic":true},"type":"Feature"},{"geometry":{"coordinates":[80.243748,12.972992],"type":"Point"},"id":"dt_119","properties":{"customer_count":710,"feature_type":"DT","id":"dt_119","parent_id":"lat_045","synthetic":true},"type":"Feature"},{"geometry":{"coordinates":[80.239678,13.125224],"type":"Point"},"id":"dt_120","properties":{"customer_count":342,"feature_type":"DT","id":"dt_120","parent_id":"lat_021","synthetic":true},"type":"Feature"},{"geometry":{"coordinates":[80.298586,13.031748],"type":"Point"},"id":"dt_121","properties":{"customer_count":1862,"feature_type":"DT","id":"dt_121","parent_id":"lat_019","synthetic":true},"type":"Feature"},{"geometry":{"coordinates":[80.277129,12.987579],"type":"Point"},"id":"dt_122","properties":{"customer_count":1803,"feature_type":"DT","id":"dt_122","parent_id":"lat_012","synthetic":true},"type":"Feature"},{"geometry":{"coordinates":[80.234408,12.98146],"type":"Point"},"id":"dt_123","properties":{"customer_count":1070,"feature_type":"DT","id":"dt_123","parent_id":"lat_035","synthetic":true},"type":"Feature"},{"geometry":{"coordinates":[80.247841,13.066393],"type":"Point"},"id":"dt_124","properties":{"customer_count":731,"feature_type":"DT","id":"dt_124","parent_id":"lat_034","synthetic":true},"type":"Feature"},{"geometry":{"coordinates":[80.163688,13.000273],"type":"Point"},"id":"dt_125","properties":{"customer_count":1914,"feature_type":"DT","id":"dt_125","parent_id":"lat_058","synthetic":true},"type":"Feature"},{"geometry":{"coordinates":[80.305329,12.993784],"type":"Point"},"id":"dt_126","properties":{"customer_count":1206,"feature_type":"DT","id":"dt_126","parent_id":"lat_020","synthetic":true},"type":"Feature"},{"geometry":{"coordinates":[80.171063,13.110742],"type":"Point"},"id":"dt_127","properties":{"customer_count":1156,"feature_type":"DT","id":"dt_127","parent_id":"lat_007","synthetic":true},"type":"Feature"},{"geometry":{"coordinates":[80.186373,13.078668],"type":"Point"},"id":"dt_128","properties":{"customer_count":1092,"feature_type":"DT","id":"dt_128","parent_id":"lat_043","synthetic":true},"type":"Feature"},{"geometry":{"coordinates":[80.281435,13.074102],"type":"Point"},"id":"dt_129","properties":{"customer_count":1647,"feature_type":"DT","id":"dt_129","parent_id":"lat_007","synthetic":true},"type":"Feature"},{"geometry":{"coordinates":[80.304161,12.974321],"type":"Point"},"id":"dt_130","properties":{"customer_count":1064,"feature_type":"DT","id":"dt_130","parent_id":"lat_043","synthetic":true},"type":"Feature"},{"geometry":{"coordinates":[80.215851,13.06581],"type":"Point"},"id":"dt_131","properties":{"customer_count":1008,"feature_type":"DT","id":"dt_131","parent_id":"lat_028","synthetic":true},"type":"Feature"},{"geometry":{"coordinates":[80.208539,13.09059],"type":"Point"},"id":"dt_132","properties":{"customer_count":1156,"feature_type":"DT","id":"dt_132","parent_id":"lat_014","synthetic":true},"type":"Feature"},{"geometry":{"coordinates":[80.254786,13.063285],"type":"Point"},"id":"dt_133","properties":{"customer_count":1326,"feature_type":"DT","id":"dt_133","parent_id":"lat_028","synthetic":true},"type":"Feature"},{"geometry":{"coordinates":[80.291949,12.996488],"type":"Point"},"id":"dt_134","properties":{"customer_count":1804,"feature_type":"DT","id":"dt_134","parent_id":"lat_040","synthetic":true},"type":"Feature"},{"geometry":{"coordinates":[80.248049,13.081808],"type":"Point"},"id":"dt_135","properties":{"customer_count":1781,"feature_type":"DT","id":"dt_135","parent_id":"lat_027","synthetic":true},"type":"Feature"},{"geometry":{"coordinates":[80.221515,12.985946],"type":"Point"},"id":"dt_136","properties":{"customer_count":314,"feature_type":"DT","id":"dt_136","parent_id":"lat_029","synthetic":true},"type":"Feature"},{"geometry":{"coordinates":[80.234543,12.997589],"type":"Point"},"id":"dt_137","properties":{"customer_count":1559,"feature_type":"DT","id":"dt_137","parent_id":"lat_035","synthetic":true},"type":"Feature"},{"geometry":{"coordinates":[80.217065,12.972371],"type":"Point"},"id":"dt_138","properties":{"customer_count":606,"feature_type":"DT","id":"dt_138","parent_id":"lat_047","synthetic":true},"type":"Feature"},{"geometry":{"coordinates":[80.284548,13.085947],"type":"Point"},"id":"dt_139","properties":{"customer_count":1699,"feature_type":"DT","id":"dt_139","parent_id":"lat_036","synthetic":true},"type":"Feature"},{"geometry":{"coordinates":[80.194448,13.092949],"type":"Point"},"id":"dt_140","properties":{"customer_count":460,"feature_type":"DT","id":"dt_140","parent_id":"lat_036","synthetic":true},"type":"Feature"},{"geometry":{"coordinates":[80.191802,13.097132],"type":"Point"},"id":"dt_141","properties":{"customer_count":364,"feature_type":"DT","id":"dt_141","parent_id":"lat_001","synthetic":true},"type":"Feature"},{"geometry":{"coordinates":[80.160602,13.118593],"type":"Point"},"id":"dt_142","properties":{"customer_count":1332,"feature_type":"DT","id":"dt_142","parent_id":"lat_029","synthetic":true},"type":"Feature"},{"geometry":{"coordinates":[80.180732,13.106786],"type":"Point"},"id":"dt_143","properties":{"customer_count":1320,"feature_type":"DT","id":"dt_143","parent_id":"lat_056","synthetic":true},"type":"Feature"},{"geometry":{"coordinates":[80.229271,13.010202],"type":"Point"},"id":"dt_144","properties":{"customer_count":1278,"feature_type":"DT","id":"dt_144","parent_id":"lat_041","synthetic":true},"type":"Feature"},{"geometry":{"coordinates":[80.163883,13.107895],"type":"Point"},"id":"dt_145","properties":{"customer_count":1477,"feature_type":"DT","id":"dt_145","parent_id":"lat_051","synthetic":true},"type":"Feature"},{"geometry":{"coordinates":[80.17963,13.000284],"type":"Point"},"id":"dt_146","properties":{"customer_count":1134,"feature_type":"DT","id":"dt_146","parent_id":"lat_006","synthetic":true},"type":"Feature"},{"geometry":{"coordinates":[80.218121,12.975384],"type":"Point"},"id":"dt_147","properties":{"customer_count":974,"feature_type":"DT","id":"dt_147","parent_id":"lat_024","synthetic":true},"type":"Feature"},{"geometry":{"coordinates":[80.243213,13.060293],"type":"Point"},"id":"dt_148","properties":{"customer_count":829,"feature_type":"DT","id":"dt_148","parent_id":"lat_033","synthetic":true},"type":"Feature"},{"geometry":{"coordinates":[80.252549,12.999156],"type":"Point"},"id":"dt_149","properties":{"customer_count":370,"feature_type":"DT","id":"dt_149","parent_id":"lat_021","synthetic":true},"type":"Feature"},{"geometry":{"coordinates":[80.18171,13.026292],"type":"Point"},"id":"dt_150","properties":{"customer_count":1824,"feature_type":"DT","id":"dt_150","parent_id":"lat_005","synthetic":true},"type":"Feature"},{"geometry":{"coordinates":[80.303454,13.003042],"type":"Point"},"id":"dt_151","properties":{"customer_count":1225,"feature_type":"DT","id":"dt_151","parent_id":"lat_057","synthetic":true},"type":"Feature"},{"geometry":{"coordinates":[80.168556,13.075924],"type":"Point"},"id":"dt_152","properties":{"customer_count":1862,"feature_type":"DT","id":"dt_152","parent_id":"lat_044","synthetic":true},"type":"Feature"},{"geometry":{"coordinates":[80.175006,13.024648],"type":"Point"},"id":"dt_153","properties":{"customer_count":83,"feature_type":"DT","id":"dt_153","parent_id":"lat_020","synthetic":true},"type":"Feature"},{"geometry":{"coordinates":[80.281969,13.081584],"type":"Point"},"id":"dt_154","properties":{"customer_count":926,"feature_type":"DT","id":"dt_154","parent_id":"lat_032","synthetic":true},"type":"Feature"},{"geometry":{"coordinates":[80.175924,12.951671],"type":"Point"},"id":"dt_155","properties":{"customer_count":1242,"feature_type":"DT","id":"dt_155","parent_id":"lat_052","synthetic":true},"type":"Feature"},{"geometry":{"coordinates":[80.221541,13.128421],"type":"Point"},"id":"dt_156","properties":{"customer_count":541,"feature_type":"DT","id":"dt_156","parent_id":"lat_037","synthetic":true},"type":"Feature"},{"geometry":{"coordinates":[80.291274,13.144503],"type":"Point"},"id":"dt_157","properties":{"customer_count":1692,"feature_type":"DT","id":"dt_157","parent_id":"lat_005","synthetic":true},"type":"Feature"},{"geometry":{"coordinates":[80.225684,13.074763],"type":"Point"},"id":"dt_158","properties":{"customer_count":753,"feature_type":"DT","id":"dt_158","parent_id":"lat_048","synthetic":true},"type":"Feature"},{"geometry":{"coordinates":[80.287018,12.956825],"type":"Point"},"id":"dt_159","properties":{"customer_count":1027,"feature_type":"DT","id":"dt_159","parent_id":"lat_017","synthetic":true},"type":"Feature"},{"geometry":{"coordinates":[80.269596,13.103658],"type":"Point"},"id":"dt_160","properties":{"customer_count":1441,"feature_type":"DT","id":"dt_160","parent_id":"lat_026","synthetic":true},"type":"Feature"},{"geometry":{"coordinates":[80.168495,13.121597],"type":"Point"},"id":"dt_161","properties":{"customer_count":539,"feature_type":"DT","id":"dt_161","parent_id":"lat_039","synthetic":true},"type":"Feature"},{"geometry":{"coordinates":[80.192755,13.098043],"type":"Point"},"id":"dt_162","properties":{"customer_count":181,"feature_type":"DT","id":"dt_162","parent_id":"lat_027","synthetic":true},"type":"Feature"},{"geometry":{"coordinates":[80.160055,12.952691],"type":"Point"},"id":"dt_163","properties":{"customer_count":494,"feature_type":"DT","id":"dt_163","parent_id":"lat_019","synthetic":true},"type":"Feature"},{"geometry":{"coordinates":[80.203235,13.133478],"type":"Point"},"id":"dt_164","properties":{"customer_count":779,"feature_type":"DT","id":"dt_164","parent_id":"lat_051","synthetic":true},"type":"Feature"},{"geometry":{"coordinates":[80.263388,12.983955],"type":"Point"},"id":"dt_165","properties":{"customer_count":1114,"feature_type":"DT","id":"dt_165","parent_id":"lat_060","synthetic":true},"type":"Feature"},{"geometry":{"coordinates":[80.160235,13.04132],"type":"Point"},"id":"dt_166","properties":{"customer_count":1588,"feature_type":"DT","id":"dt_166","parent_id":"lat_040","synthetic":true},"type":"Feature"},{"geometry":{"coordinates":[80.287564,13.061307],"type":"Point"},"id":"dt_167","properties":{"customer_count":1964,"feature_type":"DT","id":"dt_167","parent_id":"lat_051","synthetic":true},"type":"Feature"},{"geometry":{"coordinates":[80.288018,13.029209],"type":"Point"},"id":"dt_168","properties":{"customer_count":1374,"feature_type":"DT","id":"dt_168","parent_id":"lat_006","synthetic":true},"type":"Feature"},{"geometry":{"coordinates":[80.244849,13.05748],"type":"Point"},"id":"dt_169","properties":{"customer_count":1168,"feature_type":"DT","id":"dt_169","parent_id":"lat_022","synthetic":true},"type":"Feature"},{"geometry":{"coordinates":[80.173224,13.136287],"type":"Point"},"id":"dt_170","properties":{"customer_count":1525,"feature_type":"DT","id":"dt_170","parent_id":"lat_014","synthetic":true},"type":"Feature"},{"geometry":{"coordinates":[80.244688,13.147628],"type":"Point"},"id":"dt_171","properties":{"customer_count":1768,"feature_type":"DT","id":"dt_171","parent_id":"lat_013","synthetic":true},"type":"Feature"},{"geometry":{"coordinates":[80.266708,13.002327],"type":"Point"},"id":"dt_172","properties":{"customer_count":664,"feature_type":"DT","id":"dt_172","parent_id":"lat_059","synthetic":true},"type":"Feature"},{"geometry":{"coordinates":[80.183814,13.008379],"type":"Point"},"id":"dt_173","properties":{"customer_count":942,"feature_type":"DT","id":"dt_173","parent_id":"lat_055","synthetic":true},"type":"Feature"},{"geometry":{"coordinates":[80.179654,12.99116],"type":"Point"},"id":"dt_174","properties":{"customer_count":655,"feature_type":"DT","id":"dt_174","parent_id":"lat_047","synthetic":true},"type":"Feature"},{"geometry":{"coordinates":[80.312115,13.101687],"type":"Point"},"id":"dt_175","properties":{"customer_count":1224,"feature_type":"DT","id":"dt_175","parent_id":"lat_060","synthetic":true},"type":"Feature"},{"geometry":{"coordinates":[80.27148,13.01624],"type":"Point"},"id":"dt_176","properties":{"customer_count":642,"feature_type":"DT","id":"dt_176","parent_id":"lat_051","synthetic":true},"type":"Feature"},{"geometry":{"coordinates":[80.265336,13.145809],"type":"Point"},"id":"dt_177","properties":{"customer_count":725,"feature_type":"DT","id":"dt_177","parent_id":"lat_016","synthetic":true},"type":"Feature"},{"geometry":{"coordinates":[80.28734,12.997844],"type":"Point"},"id":"dt_178","properties":{"customer_count":524,"feature_type":"DT","id":"dt_178","parent_id":"lat_013","synthetic":true},"type":"Feature"},{"geometry":{"coordinates":[80.187351,13.147634],"type":"Point"},"id":"dt_179","properties":{"customer_count":552,"feature_type":"DT","id":"dt_179","parent_id":"lat_046","synthetic":true},"type":"Feature"},{"geometry":{"coordinates":[80.154425,13.109711],"type":"Point"},"id":"dt_180","properties":{"customer_count":800,"feature_type":"DT","id":"dt_180","parent_id":"lat_048","synthetic":true},"type":"Feature"},{"geometry":{"coordinates":[80.182089,12.985007],"type":"Point"},"id":"dt_181","properties":{"customer_count":344,"feature_type":"DT","id":"dt_181","parent_id":"lat_034","synthetic":true},"type":"Feature"},{"geometry":{"coordinates":[80.229337,13.01144],"type":"Point"},"id":"dt_182","properties":{"customer_count":1687,"feature_type":"DT","id":"dt_182","parent_id":"lat_011","synthetic":true},"type":"Feature"},{"geometry":{"coordinates":[80.313134,12.99021],"type":"Point"},"id":"dt_183","properties":{"customer_count":1463,"feature_type":"DT","id":"dt_183","parent_id":"lat_008","synthetic":true},"type":"Feature"},{"geometry":{"coordinates":[80.264065,13.118517],"type":"Point"},"id":"dt_184","properties":{"customer_count":806,"feature_type":"DT","id":"dt_184","parent_id":"lat_033","synthetic":true},"type":"Feature"},{"geometry":{"coordinates":[80.25288,12.978985],"type":"Point"},"id":"dt_185","properties":{"customer_count":1237,"feature_type":"DT","id":"dt_185","parent_id":"lat_002","synthetic":true},"type":"Feature"},{"geometry":{"coordinates":[80.239147,13.022791],"type":"Point"},"id":"dt_186","properties":{"customer_count":865,"feature_type":"DT","id":"dt_186","parent_id":"lat_040","synthetic":true},"type":"Feature"},{"geometry":{"coordinates":[80.265687,13.030221],"type":"Point"},"id":"dt_187","properties":{"customer_count":1761,"feature_type":"DT","id":"dt_187","parent_id":"lat_001","synthetic":true},"type":"Feature"},{"geometry":{"coordinates":[80.263433,13.071972],"type":"Point"},"id":"dt_188","properties":{"customer_count":541,"feature_type":"DT","id":"dt_188","parent_id":"lat_002","synthetic":true},"type":"Feature"},{"geometry":{"coordinates":[80.224206,13.106094],"type":"Point"},"id":"dt_189","properties":{"customer_count":183,"feature_type":"DT","id":"dt_189","parent_id":"lat_025","synthetic":true},"type":"Feature"},{"geometry":{"coordinates":[80.2456,12.965991],"type":"Point"},"id":"dt_190","properties":{"customer_count":427,"feature_type":"DT","id":"dt_190","parent_id":"lat_002","synthetic":true},"type":"Feature"},{"geometry":{"coordinates":[80.206731,13.025108],"type":"Point"},"id":"dt_191","properties":{"customer_count":935,"feature_type":"DT","id":"dt_191","parent_id":"lat_015","synthetic":true},"type":"Feature"},{"geometry":{"coordinates":[80.245961,13.041411],"type":"Point"},"id":"dt_192","properties":{"customer_count":1218,"feature_type":"DT","id":"dt_192","parent_id":"lat_017","synthetic":true},"type":"Feature"},{"geometry":{"coordinates":[80.20912,13.055955],"type":"Point"},"id":"dt_193","properties":{"customer_count":877,"feature_type":"DT","id":"dt_193","parent_id":"lat_009","synthetic":true},"type":"Feature"},{"geometry":{"coordinates":[80.223327,13.055714],"type":"Point"},"id":"dt_194","properties":{"customer_count":1314,"feature_type":"DT","id":"dt_194","parent_id":"lat_003","synthetic":true},"type":"Feature"},{"geometry":{"coordinates":[80.284794,13.103971],"type":"Point"},"id":"dt_195","properties":{"customer_count":680,"feature_type":"DT","id":"dt_195","parent_id":"lat_034","synthetic":true},"type":"Feature"},{"geometry":{"coordinates":[80.282198,13.105548],"type":"Point"},"id":"dt_196","properties":{"customer_count":1706,"feature_type":"DT","id":"dt_196","parent_id":"lat_043","synthetic":true},"type":"Feature"},{"geometry":{"coordinates":[80.206403,13.121414],"type":"Point"},"id":"dt_197","properties":{"customer_count":921,"feature_type":"DT","id":"dt_197","parent_id":"lat_006","synthetic":true},"type":"Feature"},{"geometry":{"coordinates":[80.286759,13.104543],"type":"Point"},"id":"dt_198","properties":{"customer_count":623,"feature_type":"DT","id":"dt_198","parent_id":"lat_052","synthetic":true},"type":"Feature"},{"geometry":{"coordinates":[80.241987,12.975853],"type":"Point"},"id":"dt_199","properties":{"customer_count":1527,"feature_type":"DT","id":"dt_199","parent_id":"lat_007","synthetic":true},"type":"Feature"},{"geometry":{"coordinates":[80.314462,13.015309],"type":"Point"},"id":"dt_200","properties":{"customer_count":1236,"feature_type":"DT","id":"dt_200","parent_id":"lat_013","synthetic":true},"type":"Feature"},{"geometry":{"coordinates":[[80.156095,12.997302],[80.219674,13.085077]],"type":"LineString"},"id":"fdr_001","properties":{"customer_count":6012,"feature_type":"Feeder","id":"fdr_001","parent_id":"sub_001","synthetic":true},"type":"Feature"},{"geometry":{"coordinates":[[80.150531,13.065007],[80.238723,13.048104]],"type":"LineString"},"id":"fdr_002","properties":{"customer_count":9097,"feature_type":"Feeder","id":"fdr_002","parent_id":"sub_002","synthetic":true},"type":"Feature"},{"geometry":{"coordinates":[[80.263167,12.990568],[80.315842,13.09885]],"type":"LineString"},"id":"fdr_003","properties":{"customer_count":8110,"feature_type":"Feeder","id":"fdr_003","parent_id":"sub_003","synthetic":true},"type":"Feature"},{"geometry":{"coordinates":[[80.286061,12.970639],[80.263453,13.05406]],"type":"LineString"},"id":"fdr_004","properties":{"customer_count":5511,"feature_type":"Feeder","id":"fdr_004","parent_id":"sub_004","synthetic":true},"type":"Feature"},{"geometry":{"coordinates":[[80.308822,13.139201],[80.177598,13.083063]],"type":"LineString"},"id":"fdr_005","properties":{"customer_count":11507,"feature_type":"Feeder","id":"fdr_005","parent_id":"sub_002","synthetic":true},"type":"Feature"},{"geometry":{"coordinates":[[80.175088,13.037574],[80.23399,13.000868]],"type":"LineString"},"id":"fdr_006","properties":{"customer_count":9751,"feature_type":"Feeder","id":"fdr_006","parent_id":"sub_001","synthetic":true},"type":"Feature"},{"geometry":{"coordinates":[[80.164415,12.996582],[80.288504,13.059116]],"type":"LineString"},"id":"fdr_007","properties":{"customer_count":14488,"feature_type":"Feeder","id":"fdr_007","parent_id":"sub_004","synthetic":true},"type":"Feature"},{"geometry":{"coordinates":[[80.184906,13.018126],[80.303552,12.995936]],"type":"LineString"},"id":"fdr_008","properties":{"customer_count":1670,"feature_type":"Feeder","id":"fdr_008","parent_id":"sub_001","synthetic":true},"type":"Feature"},{"geometry":{"coordinates":[[80.15789,13.118708],[80.282207,13.127886]],"type":"LineString"},"id":"fdr_009","properties":{"customer_count":10931,"feature_type":"Feeder","id":"fdr_009","parent_id":"sub_002","synthetic":true},"type":"Feature"},{"geometry":{"coordinates":[[80.206806,12.95877],[80.183071,13.003099]],"type":"LineString"},"id":"fdr_010","properties":{"customer_count":930,"feature_type":"Feeder","id":"fdr_010","parent_id":"sub_002","synthetic":true},"type":"Feature"},{"geometry":{"coordinates":[[80.227578,12.961852],[80.286146,12.975496]],"type":"LineString"},"id":"fdr_011","properties":{"customer_count":8954,"feature_type":"Feeder","id":"fdr_011","parent_id":"sub_002","synthetic":true},"type":"Feature"},{"geometry":{"coordinates":[[80.303501,13.070474],[80.222519,13.040171]],"type":"LineString"},"id":"fdr_012","properties":{"customer_count":18269,"feature_type":"Feeder","id":"fdr_012","parent_id":"sub_003","synthetic":true},"type":"Feature"},{"geometry":{"coordinates":[[80.300931,12.953161],[80.279337,13.026708]],"type":"LineString"},"id":"fdr_013","properties":{"customer_count":10411,"feature_type":"Feeder","id":"fdr_013","parent_id":"sub_004","synthetic":true},"type":"Feature"},{"geometry":{"coordinates":[[80.155164,12.990289],[80.154804,13.033584]],"type":"LineString"},"id":"fdr_014","properties":{"customer_count":16290,"feature_type":"Feeder","id":"fdr_014","parent_id":"sub_002","synthetic":true},"type":"Feature"},{"geometry":{"coordinates":[[80.215895,12.992467],[80.306241,13.142046]],"type":"LineString"},"id":"fdr_015","properties":{"customer_count":7178,"feature_type":"Feeder","id":"fdr_015","parent_id":"sub_002","synthetic":true},"type":"Feature"},{"geometry":{"coordinates":[[80.222776,13.061318],[80.218879,13.017831]],"type":"LineString"},"id":"fdr_016","properties":{"customer_count":6437,"feature_type":"Feeder","id":"fdr_016","parent_id":"sub_002","synthetic":true},"type":"Feature"},{"geometry":{"coordinates":[[80.272341,13.062464],[80.159314,13.134326]],"type":"LineString"},"id":"fdr_017","properties":{"customer_count":12310,"feature_type":"Feeder","id":"fdr_017","parent_id":"sub_004","synthetic":true},"type":"Feature"},{"geometry":{"coordinates":[[80.20752,13.134483],[80.213786,13.0176]],"type":"LineString"},"id":"fdr_018","properties":{"customer_count":9908,"feature_type":"Feeder","id":"fdr_018","parent_id":"sub_003","synthetic":true},"type":"Feature"},{"geometry":{"coordinates":[[80.219732,13.041209],[80.29806,13.116015]],"type":"LineString"},"id":"fdr_019","properties":{"customer_count":13051,"feature_type":"Feeder","id":"fdr_019","parent_id":"sub_002","synthetic":true},"type":"Feature"},{"geometry":{"coordinates":[[80.296856,12.961111],[80.272867,12.996327]],"type":"LineString"},"id":"fdr_020","properties":{"customer_count":16853,"feature_type":"Feeder","id":"fdr_020","parent_id":"sub_002","synthetic":true},"type":"Feature"},{"geometry":{"coordinates":[[80.168188,13.110668],[80.160858,13.021884]],"type":"LineString"},"id":"lat_001","properties":{"customer_count":2181,"feature_type":"Lateral","id":"lat_001","parent_id":"fdr_001","synthetic":true},"type":"Feature"},{"geometry":{"coordinates":[[80.228039,13.133809],[80.178701,13.083664]],"type":"LineString"},"id":"lat_002","properties":{"customer_count":3412,"feature_type":"Lateral","id":"lat_002","parent_id":"fdr_002","synthetic":true},"type":"Feature"},{"geometry":{"coordinates":[[80.265834,13.000271],[80.279897,12.984658]],"type":"LineString"},"id":"lat_003","properties":{"customer_count":5249,"feature_type":"Lateral","id":"lat_003","parent_id":"fdr_003","synthetic":true},"type":"Feature"},{"geometry":{"coordinates":[[80.314178,12.970279],[80.314241,13.135398]],"type":"LineString"},"id":"lat_004","properties":{"customer_count":1875,"feature_type":"Lateral","id":"lat_004","parent_id":"fdr_004","synthetic":true},"type":"Feature"},{"geometry":{"coordinates":[[80.214348,13.023227],[80.172521,12.953047]],"type":"LineString"},"id":"lat_005","properties":{"customer_count":5268,"feature_type":"Lateral","id":"lat_005","parent_id":"fdr_005","synthetic":true},"type":"Feature"},{"geometry":{"coordinates":[[80.291402,13.070325],[80.298576,13.008494]],"type":"LineString"},"id":"lat_006","properties":{"customer_count":5124,"feature_type":"Lateral","id":"lat_006","parent_id":"fdr_006","synthetic":true},"type":"Feature"},{"geometry":{"coordinates":[[80.305486,13.117584],[80.253085,13.120853]],"type":"LineString"},"id":"lat_007","properties":{"customer_count":8491,"feature_type":"Lateral","id":"lat_007","parent_id":"fdr_007","synthetic":true},"type":"Feature"},{"geometry":{"coordinates":[[80.297438,13.101374],[80.214475,12.991461]],"type":"LineString"},"id":"lat_008","properties":{"customer_count":1670,"feature_type":"Lateral","id":"lat_008","parent_id":"fdr_008","synthetic":true},"type":"Feature"},{"geometry":{"coordinates":[[80.176005,12.975211],[80.194595,13.094646]],"type":"LineString"},"id":"lat_009","properties":{"customer_count":3171,"feature_type":"Lateral","id":"lat_009","parent_id":"fdr_009","synthetic":true},"type":"Feature"},{"geometry":{"coordinates":[[80.308313,12.963926],[80.308006,13.120094]],"type":"LineString"},"id":"lat_010","properties":{"customer_count":930,"feature_type":"Lateral","id":"lat_010","parent_id":"fdr_010","synthetic":true},"type":"Feature"},{"geometry":{"coordinates":[[80.234735,12.99825],[80.189181,13.080907]],"type":"LineString"},"id":"lat_011","properties":{"customer_count":6145,"feature_type":"Lateral","id":"lat_011","parent_id":"fdr_011","synthetic":true},"type":"Feature"},{"geometry":{"coordinates":[[80.247335,13.032277],[80.182245,13.000756]],"type":"LineString"},"id":"lat_012","properties":{"customer_count":3159,"feature_type":"Lateral","id":"lat_012","parent_id":"fdr_012","synthetic":true},"type":"Feature"},{"geometry":{"coordinates":[[80.190145,13.119074],[80.239773,13.14343]],"type":"LineString"},"id":"lat_013","properties":{"customer_count":4387,"feature_type":"Lateral","id":"lat_013","parent_id":"fdr_013","synthetic":true},"type":"Feature"},{"geometry":{"coordinates":[[80.28542,13.013951],[80.288611,13.125469]],"type":"LineString"},"id":"lat_014","properties":{"customer_count":3027,"feature_type":"Lateral","id":"lat_014","parent_id":"fdr_014","synthetic":true},"type":"Feature"},{"geometry":{"coordinates":[[80.255417,13.099888],[80.263332,13.002187]],"type":"LineString"},"id":"lat_015","properties":{"customer_count":1393,"feature_type":"Lateral","id":"lat_015","parent_id":"fdr_015","synthetic":true},"type":"Feature"},{"geometry":{"coordinates":[[80.302769,13.047097],[80.249209,12.953227]],"type":"LineString"},"id":"lat_016","properties":{"customer_count":3380,"feature_type":"Lateral","id":"lat_016","parent_id":"fdr_016","synthetic":true},"type":"Feature"},{"geometry":{"coordinates":[[80.164649,13.088297],[80.176371,13.074058]],"type":"LineString"},"id":"lat_017","properties":{"customer_count":6227,"feature_type":"Lateral","id":"lat_017","parent_id":"fdr_017","synthetic":true},"type":"Feature"},{"geometry":{"coordinates":[[80.242296,13.066856],[80.270137,12.995666]],"type":"LineString"},"id":"lat_018","properties":{"customer_count":1045,"feature_type":"Lateral","id":"lat_018","parent_id":"fdr_018","synthetic":true},"type":"Feature"},{"geometry":{"coordinates":[[80.306116,12.989545],[80.269712,13.01541]],"type":"LineString"},"id":"lat_019","properties":{"customer_count":4157,"feature_type":"Lateral","id":"lat_019","parent_id":"fdr_019","synthetic":true},"type":"Feature"},{"geometry":{"coordinates":[[80.242582,13.002278],[80.222232,12.969004]],"type":"LineString"},"id":"lat_020","properties":{"customer_count":2401,"feature_type":"Lateral","id":"lat_020","parent_id":"fdr_020","synthetic":true},"type":"Feature"},{"geometry":{"coordinates":[[80.243741,13.129776],[80.212052,13.093857]],"type":"LineString"},"id":"lat_021","properties":{"customer_count":2851,"feature_type":"Lateral","id":"lat_021","parent_id":"fdr_018","synthetic":true},"type":"Feature"},{"geometry":{"coordinates":[[80.241286,13.031186],[80.244786,13.021718]],"type":"LineString"},"id":"lat_022","properties":{"customer_count":4196,"feature_type":"Lateral","id":"lat_022","parent_id":"fdr_012","synthetic":true},"type":"Feature"},{"geometry":{"coordinates":[[80.308086,13.045855],[80.288837,13.137384]],"type":"LineString"},"id":"lat_023","properties":{"customer_count":19,"feature_type":"Lateral","id":"lat_023","parent_id":"fdr_002","synthetic":true},"type":"Feature"},{"geometry":{"coordinates":[[80.166282,13.101563],[80.221784,13.148895]],"type":"LineString"},"id":"lat_024","properties":{"customer_count":2406,"feature_type":"Lateral","id":"lat_024","parent_id":"fdr_019","synthetic":true},"type":"Feature"},{"geometry":{"coordinates":[[80.173982,13.148025],[80.268335,13.148456]],"type":"LineString"},"id":"lat_025","properties":{"customer_count":2177,"feature_type":"Lateral","id":"lat_025","parent_id":"fdr_005","synthetic":true},"type":"Feature"},{"geometry":{"coordinates":[[80.278284,13.095111],[80.302386,13.098001]],"type":"LineString"},"id":"lat_026","properties":{"customer_count":1772,"feature_type":"Lateral","id":"lat_026","parent_id":"fdr_017","synthetic":true},"type":"Feature"},{"geometry":{"coordinates":[[80.311606,13.118936],[80.262154,12.978886]],"type":"LineString"},"id":"lat_027","properties":{"customer_count":3820,"feature_type":"Lateral","id":"lat_027","parent_id":"fdr_007","synthetic":true},"type":"Feature"},{"geometry":{"coordinates":[[80.272215,13.043716],[80.195228,13.059319]],"type":"LineString"},"id":"lat_028","properties":{"customer_count":3081,"feature_type":"Lateral","id":"lat_028","parent_id":"fdr_015","synthetic":true},"type":"Feature"},{"geometry":{"coordinates":[[80.318403,13.021863],[80.29576,12.967227]],"type":"LineString"},"id":"lat_029","properties":{"customer_count":3480,"feature_type":"Lateral","id":"lat_029","parent_id":"fdr_009","synthetic":true},"type":"Feature"},{"geometry":{"coordinates":[[80.250165,12.995795],[80.302477,12.952985]],"type":"LineString"},"id":"lat_030","properties":{"customer_count":3040,"feature_type":"Lateral","id":"lat_030","parent_id":"fdr_002","synthetic":true},"type":"Feature"},{"geometry":{"coordinates":[[80.297436,12.973036],[80.297161,13.023416]],"type":"LineString"},"id":"lat_031","properties":{"customer_count":1661,"feature_type":"Lateral","id":"lat_031","parent_id":"fdr_014","synthetic":true},"type":"Feature"},{"geometry":{"coordinates":[[80.287829,12.987937],[80.229028,12.982628]],"type":"LineString"},"id":"lat_032","properties":{"customer_count":1845,"feature_type":"Lateral","id":"lat_032","parent_id":"fdr_011","synthetic":true},"type":"Feature"},{"geometry":{"coordinates":[[80.269928,12.956741],[80.28266,13.11857]],"type":"LineString"},"id":"lat_033","properties":{"customer_count":3636,"feature_type":"Lateral","id":"lat_033","parent_id":"fdr_020","synthetic":true},"type":"Feature"},{"geometry":{"coordinates":[[80.229248,13.129096],[80.167318,13.006812]],"type":"LineString"},"id":"lat_034","properties":{"customer_count":4403,"feature_type":"Lateral","id":"lat_034","parent_id":"fdr_019","synthetic":true},"type":"Feature"},{"geometry":{"coordinates":[[80.19461,13.035453],[80.208046,12.994091]],"type":"LineString"},"id":"lat_035","properties":{"customer_count":3857,"feature_type":"Lateral","id":"lat_035","parent_id":"fdr_014","synthetic":true},"type":"Feature"},{"geometry":{"coordinates":[[80.231999,13.049609],[80.277365,12.993561]],"type":"LineString"},"id":"lat_036","properties":{"customer_count":2682,"feature_type":"Lateral","id":"lat_036","parent_id":"fdr_009","synthetic":true},"type":"Feature"},{"geometry":{"coordinates":[[80.215394,13.077213],[80.263718,13.055844]],"type":"LineString"},"id":"lat_037","properties":{"customer_count":2861,"feature_type":"Lateral","id":"lat_037","parent_id":"fdr_003","synthetic":true},"type":"Feature"},{"geometry":{"coordinates":[[80.180886,12.999688],[80.15689,13.079078]],"type":"LineString"},"id":"lat_038","properties":{"customer_count":1229,"feature_type":"Lateral","id":"lat_038","parent_id":"fdr_004","synthetic":true},"type":"Feature"},{"geometry":{"coordinates":[[80.300214,13.124068],[80.205153,13.098629]],"type":"LineString"},"id":"lat_039","properties":{"customer_count":2407,"feature_type":"Lateral","id":"lat_039","parent_id":"fdr_004","synthetic":true},"type":"Feature"},{"geometry":{"coordinates":[[80.208508,12.993605],[80.211841,12.971092]],"type":"LineString"},"id":"lat_040","properties":{"customer_count":7745,"feature_type":"Lateral","id":"lat_040","parent_id":"fdr_014","synthetic":true},"type":"Feature"},{"geometry":{"coordinates":[[80.152011,13.098532],[80.290081,12.968027]],"type":"LineString"},"id":"lat_041","properties":{"customer_count":2177,"feature_type":"Lateral","id":"lat_041","parent_id":"fdr_007","synthetic":true},"type":"Feature"},{"geometry":{"coordinates":[[80.19143,13.104928],[80.245307,13.010816]],"type":"LineString"},"id":"lat_042","properties":{"customer_count":963,"feature_type":"Lateral","id":"lat_042","parent_id":"fdr_018","synthetic":true},"type":"Feature"},{"geometry":{"coordinates":[[80.261722,13.144511],[80.156576,13.035882]],"type":"LineString"},"id":"lat_043","properties":{"customer_count":6024,"feature_type":"Lateral","id":"lat_043","parent_id":"fdr_013","synthetic":true},"type":"Feature"},{"geometry":{"coordinates":[[80.251568,13.098248],[80.162885,12.993491]],"type":"LineString"},"id":"lat_044","properties":{"customer_count":3831,"feature_type":"Lateral","id":"lat_044","parent_id":"fdr_001","synthetic":true},"type":"Feature"},{"geometry":{"coordinates":[[80.160302,13.090666],[80.15896,13.124763]],"type":"LineString"},"id":"lat_045","properties":{"customer_count":2085,"feature_type":"Lateral","id":"lat_045","parent_id":"fdr_019","synthetic":true},"type":"Feature"},{"geometry":{"coordinates":[[80.293477,13.123105],[80.211865,12.993004]],"type":"LineString"},"id":"lat_046","properties":{"customer_count":2052,"feature_type":"Lateral","id":"lat_046","parent_id":"fdr_005","synthetic":true},"type":"Feature"},{"geometry":{"coordinates":[[80.277095,12.965973],[80.1587,13.082182]],"type":"LineString"},"id":"lat_047","properties":{"customer_count":2626,"feature_type":"Lateral","id":"lat_047","parent_id":"fdr_002","synthetic":true},"type":"Feature"},{"geometry":{"coordinates":[[80.21189,13.038565],[80.19781,13.009341]],"type":"LineString"},"id":"lat_048","properties":{"customer_count":5817,"feature_type":"Lateral","id":"lat_048","parent_id":"fdr_020","synthetic":true},"type":"Feature"},{"geometry":{"coordinates":[[80.1993,13.137465],[80.199394,13.068493]],"type":"LineString"},"id":"lat_049","properties":{"customer_count":4200,"feature_type":"Lateral","id":"lat_049","parent_id":"fdr_012","synthetic":true},"type":"Feature"},{"geometry":{"coordinates":[[80.202261,13.040769],[80.162376,13.018033]],"type":"LineString"},"id":"lat_050","properties":{"customer_count":2010,"feature_type":"Lateral","id":"lat_050","parent_id":"fdr_005","synthetic":true},"type":"Feature"},{"geometry":{"coordinates":[[80.239466,13.107007],[80.299402,12.989059]],"type":"LineString"},"id":"lat_051","properties":{"customer_count":6714,"feature_type":"Lateral","id":"lat_051","parent_id":"fdr_012","synthetic":true},"type":"Feature"},{"geometry":{"coordinates":[[80.260896,13.035435],[80.175481,13.044962]],"type":"LineString"},"id":"lat_052","properties":{"customer_count":2704,"feature_type":"Lateral","id":"lat_052","parent_id":"fdr_015","synthetic":true},"type":"Feature"},{"geometry":{"coordinates":[[80.216601,13.085337],[80.184945,13.112714]],"type":"LineString"},"id":"lat_053","properties":{"customer_count":1707,"feature_type":"Lateral","id":"lat_053","parent_id":"fdr_017","synthetic":true},"type":"Feature"},{"geometry":{"coordinates":[[80.277688,13.140863],[80.286556,13.003887]],"type":"LineString"},"id":"lat_054","properties":{"customer_count":964,"feature_type":"Lateral","id":"lat_054","parent_id":"fdr_011","synthetic":true},"type":"Feature"},{"geometry":{"coordinates":[[80.298514,12.968506],[80.183741,13.087805]],"type":"LineString"},"id":"lat_055","properties":{"customer_count":2604,"feature_type":"Lateral","id":"lat_055","parent_id":"fdr_017","synthetic":true},"type":"Feature"},{"geometry":{"coordinates":[[80.214824,13.116022],[80.309151,13.102976]],"type":"LineString"},"id":"lat_056","properties":{"customer_count":1598,"feature_type":"Lateral","id":"lat_056","parent_id":"fdr_009","synthetic":true},"type":"Feature"},{"geometry":{"coordinates":[[80.295383,13.002772],[80.250704,13.01459]],"type":"LineString"},"id":"lat_057","properties":{"customer_count":3057,"feature_type":"Lateral","id":"lat_057","parent_id":"fdr_016","synthetic":true},"type":"Feature"},{"geometry":{"coordinates":[[80.152846,13.107197],[80.315024,13.009644]],"type":"LineString"},"id":"lat_058","properties":{"customer_count":5049,"feature_type":"Lateral","id":"lat_058","parent_id":"fdr_018","synthetic":true},"type":"Feature"},{"geometry":{"coordinates":[[80.259442,13.026932],[80.153046,13.129923]],"type":"LineString"},"id":"lat_059","properties":{"customer_count":4627,"feature_type":"Lateral","id":"lat_059","parent_id":"fdr_006","synthetic":true},"type":"Feature"},{"geometry":{"coordinates":[[80.24772,13.02725],[80.150449,13.043484]],"type":"LineString"},"id":"lat_060","properties":{"customer_count":4999,"feature_type":"Lateral","id":"lat_060","parent_id":"fdr_020","synthetic":true},"type":"Feature"},{"geometry":{"coordinates":[[[80.279779,12.977376],[80.281623,12.963757],[80.290639,12.963404],[80.296271,12.970575],[80.29485,12.976371],[80.290556,12.983231],[80.289749,12.983366],[80.279779,12.977376]]],"type":"Polygon"},"id":"sa_dt_001","properties":{"customer_count":56,"feature_type":"Service_Area","id":"sa_dt_001","parent_id":"dt_001","synthetic":true},"type":"Feature"},{"geometry":{"coordinates":[[[80.196366,13.057876],[80.198199,13.054677],[80.212963,13.059955],[80.213156,13.060783],[80.209605,13.066518],[80.206212,13.067815],[80.198014,13.067955],[80.196366,13.057876]]],"type":"Polygon"},"id":"sa_dt_002","properties":{"customer_count":597,"feature_type":"Service_Area","id":"sa_dt_002","parent_id":"dt_002","synthetic":true},"type":"Feature"},{"geometry":{"coordinates":[[[80.171244,12.973175],[80.1684,12.971372],[80.166969,12.956322],[80.168045,12.953047],[80.185372,12.956716],[80.185281,12.957735],[80.176983,12.971631],[80.171244,12.973175]]],"type":"Polygon"},"id":"sa_dt_003","properties":{"customer_count":1162,"feature_type":"Service_Area","id":"sa_dt_003","parent_id":"dt_003","synthetic":true},"type":"Feature"},{"geometry":{"coordinates":[[[80.268894,12.97054],[80.267867,12.967141],[80.277358,12.959046],[80.281623,12.963757],[80.279779,12.977376],[80.272853,12.978439],[80.268894,12.97054]]],"type":"Polygon"},"id":"sa_dt_004","properties":{"customer_count":1875,"feature_type":"Service_Area","id":"sa_dt_004","parent_id":"dt_004","synthetic":true},"type":"Feature"},{"geometry":{"coordinates":[[[80.15,13.020652],[80.157023,13.015149],[80.170902,13.011399],[80.172649,13.012853],[80.172636,13.02832],[80.172035,13.02855],[80.15899,13.029212],[80.15,13.0238],[80.15,13.020652]]],"type":"Polygon"},"id":"sa_dt_005","properties":{"customer_count":1752,"feature_type":"Service_Area","id":"sa_dt_005","parent_id":"dt_005","synthetic":true},"type":"Feature"},{"geometry":{"coordinates":[[[80.250798,13.117542],[80.25099,13.11739],[80.253258,13.116434],[80.26615,13.127669],[80.262779,13.135561],[80.257823,13.137794],[80.254333,13.139334],[80.247359,13.135268],[80.247839,13.130238],[80.250798,13.117542]]],"type":"Polygon"},"id":"sa_dt_006","properties":{"customer_count":1695,"feature_type":"Service_Area","id":"sa_dt_006","parent_id":"dt_006","synthetic":true},"type":"Feature"},{"geometry":{"coordinates":[[[80.165676,13.117132],[80.165443,13.114415],[80.165827,13.114123],[80.17819,13.114368],[80.18213,13.117905],[80.183279,13.120409],[80.184129,13.125506],[80.179913,13.126028],[80.165676,13.117132]]],"type":"Polygon"},"id":"sa_dt_007","properties":{"customer_count":690,"feature_type":"Service_Area","id":"sa_dt_007","parent_id":"dt_007","synthetic":true},"type":"Feature"},{"geometry":{"coordinates":[[[80.258518,13.109451],[80.258944,13.108198],[80.260323,13.107466],[80.270283,13.108718],[80.27253,13.114479],[80.268778,13.118159],[80.258518,13.109451]]],"type":"Polygon"},"id":"sa_dt_008","properties":{"customer_count":207,"feature_type":"Service_Area","id":"sa_dt_008","parent_id":"dt_008","synthetic":true},"type":"Feature"},{"geometry":{"coordinates":[[[80.250771,13.07927],[80.240973,13.074195],[80.253419,13.069545],[80.256039,13.070293],[80.256394,13.070546],[80.258002,13.075961],[80.252575,13.079534],[80.250771,13.07927]]],"type":"Polygon"},"id":"sa_dt_009","properties":{"customer_count":1700,"feature_type":"Service_Area","id":"sa_dt_009","parent_id":"dt_009","synthetic":true},"type":"Feature"},{"geometry":{"coordinates":[[[80.274819,13.052238],[80.269591,13.043814],[80.277105,13.035283],[80.291246,13.039038],[80.294069,13.042019],[80.292619,13.050375],[80.274819,13.052238]]],"type":"Polygon"},"id":"sa_dt_010","properties":{"customer_count":364,"feature_type":"Service_Area","id":"sa_dt_010","parent_id":"dt_010","synthetic":true},"type":"Feature"},{"geometry":{"coordinates":[[[80.278197,13.006161],[80.277225,13.004983],[80.269906,12.990327],[80.275678,12.990773],[80.280319,13.000823],[80.278459,13.006222],[80.278197,13.006161]]],"type":"Polygon"},"id":"sa_dt_011","properties":{"customer_count":856,"feature_type":"Service_Area","id":"sa_dt_011","parent_id":"dt_011","synthetic":true},"type":"Feature"},{"geometry":{"coordinates":[[[80.274518,13.086199],[80.271483,13.079711],[80.278528,13.081946],[80.279138,13.084547],[80.274518,13.086199]]],"type":"Polygon"},"id":"sa_dt_012","properties":{"customer_count":40,"feature_type":"Service_Area","id":"sa_dt_012","parent_id":"dt_012","synthetic":true},"type":"Feature"},{"geometry":{"coordinates":[[[80.276806,13.028696],[80.275735,13.026194],[80.281406,13.011542],[80.293206,13.023376],[80.276806,13.028696]]],"type":"Polygon"},"id":"sa_dt_013","properties":{"customer_count":859,"feature_type":"Service_Area","id":"sa_dt_013","parent_id":"dt_013","synthetic":true},"type":"Feature"},{"geometry":{"coordinates":[[[80.171917,13.043363],[80.170634,13.043179],[80.15899,13.029212],[80.172035,13.02855],[80.171917,13.043363]]],"type":"Polygon"},"id":"sa_dt_014","properties":{"customer_count":346,"feature_type":"Service_Area","id":"sa_dt_014","parent_id":"dt_014","synthetic":true},"type":"Feature"},{"geometry":{"coordinates":[[[80.227063,12.970558],[80.219435,12.95],[80.240613,12.95],[80.241508,12.9523],[80.240552,12.968401],[80.237784,12.971293],[80.23428,12.973361],[80.228348,12.972838],[80.227063,12.970558]]],"type":"Polygon"},"id":"sa_dt_015","properties":{"customer_count":19,"feature_type":"Service_Area","id":"sa_dt_015","parent_id":"dt_015","synthetic":true},"type":"Feature"},{"geometry":{"coordinates":[[[80.232137,13.079618],[80.221557,13.069419],[80.221698,13.069211],[80.235276,13.066999],[80.23734,13.069555],[80.238901,13.074223],[80.236655,13.079796],[80.232137,13.079618]]],"type":"Polygon"},"id":"sa_dt_016","properties":{"customer_count":1962,"feature_type":"Service_Area","id":"sa_dt_016","parent_id":"dt_016","synthetic":true},"type":"Feature"},{"geometry":{"coordinates":[[[80.219035,13.029025],[80.212061,13.010934],[80.217904,13.009391],[80.221662,13.011228],[80.23316,13.018051],[80.232237,13.020601],[80.219035,13.029025]]],"type":"Polygon"},"id":"sa_dt_017","properties":{"customer_count":1873,"feature_type":"Service_Area","id":"sa_dt_017","parent_id":"dt_017","synthetic":true},"type":"Feature"},{"geometry":{"coordinates":[[[80.292619,13.050375],[80.294117,13.054069],[80.285468,13.059329],[80.275062,13.058599],[80.274819,13.052238],[80.292619,13.050375]]],"type":"Polygon"},"id":"sa_dt_018","properties":{"customer_count":1045,"feature_type":"Service_Area","id":"sa_dt_018","parent_id":"dt_018","synthetic":true},"type":"Feature"},{"geometry":{"coordinates":[[[80.21863,13.080737],[80.232137,13.079618],[80.236655,13.079796],[80.237618,13.085446],[80.229251,13.089005],[80.22436,13.088962],[80.21863,13.080737]]],"type":"Polygon"},"id":"sa_dt_019","properties":{"customer_count":1428,"feature_type":"Service_Area","id":"sa_dt_019","parent_id":"dt_019","synthetic":true},"type":"Feature"},{"geometry":{"coordinates":[[[80.235589,13.108337],[80.240368,13.098822],[80.25099,13.11739],[80.250798,13.117542],[80.239558,13.116071],[80.235589,13.108337]]],"type":"Polygon"},"id":"sa_dt_020","properties":{"customer_count":140,"feature_type":"Service_Area","id":"sa_dt_020","parent_id":"dt_020","synthetic":true},"type":"Feature"},{"geometry":{"coordinates":[[[80.157634,13.146346],[80.151503,13.128511],[80.158691,13.128999],[80.16485,13.139419],[80.157634,13.146346]]],"type":"Polygon"},"id":"sa_dt_021","properties":{"customer_count":970,"feature_type":"Service_Area","id":"sa_dt_021","parent_id":"dt_021","synthetic":true},"type":"Feature"},{"geometry":{"coordinates":[[[80.237328,13.118571],[80.238103,13.122284],[80.236432,13.131065],[80.228716,13.127016],[80.227334,13.122148],[80.237328,13.118571]]],"type":"Polygon"},"id":"sa_dt_022","properties":{"customer_count":1760,"feature_type":"Service_Area","id":"sa_dt_022","parent_id":"dt_022","synthetic":true},"type":"Feature"},{"geometry":{"coordinates":[[[80.248273,13.094706],[80.253936,13.09093],[80.262911,13.088458],[80.268882,13.094051],[80.260323,13.107466],[80.258944,13.108198],[80.248273,13.094706]]],"type":"Polygon"},"id":"sa_dt_023","properties":{"customer_count":19,"feature_type":"Service_Area","id":"sa_dt_023","parent_id":"dt_023","synthetic":true},"type":"Feature"},{"geometry":{"coordinates":[[[80.275106,13.062323],[80.274403,13.061279],[80.275062,13.058599],[80.285468,13.059329],[80.287429,13.069108],[80.280241,13.067413],[80.275106,13.062323]]],"type":"Polygon"},"id":"sa_dt_024","properties":{"customer_count":1432,"feature_type":"Service_Area","id":"sa_dt_024","parent_id":"dt_024","synthetic":true},"type":"Feature"},{"geometry":{"coordinates":[[[80.249665,13.015418],[80.249069,13.0128],[80.257994,13.008039],[80.266002,13.010344],[80.267744,13.022882],[80.257906,13.025474],[80.249665,13.015418]]],"type":"Polygon"},"id":"sa_dt_025","properties":{"customer_count":1745,"feature_type":"Service_Area","id":"sa_dt_025","parent_id":"dt_025","synthetic":true},"type":"Feature"},{"geometry":{"coordinates":[[[80.184129,13.125506],[80.183279,13.120409],[80.194071,13.109056],[80.199826,13.10971],[80.200502,13.11721],[80.195684,13.125047],[80.187659,13.128787],[80.184129,13.125506]]],"type":"Polygon"},"id":"sa_dt_026","properties":{"customer_count":331,"feature_type":"Service_Area","id":"sa_dt_026","parent_id":"dt_026","synthetic":true},"type":"Feature"},{"geometry":{"coordinates":[[[80.31731,13.054248],[80.32,13.052962],[80.32,13.084503],[80.316703,13.083901],[80.31731,13.054248]]],"type":"Polygon"},"id":"sa_dt_027","properties":{"customer_count":1858,"feature_type":"Service_Area","id":"sa_dt_027","parent_id":"dt_027","synthetic":true},"type":"Feature"},{"geometry":{"coordinates":[[[80.214023,13.083964],[80.214299,13.082152],[80.214799,13.081727],[80.217618,13.080377],[80.21863,13.080737],[80.22436,13.088962],[80.220279,13.098434],[80.215043,13.099686],[80.214023,13.083964]]],"type":"Polygon"},"id":"sa_dt_028","properties":{"customer_count":747,"feature_type":"Service_Area","id":"sa_dt_028","parent_id":"dt_028","synthetic":true},"type":"Feature"},{"geometry":{"coordinates":[[[80.266818,12.990714],[80.269202,12.989773],[80.269906,12.990327],[80.277225,13.004983],[80.260925,12.996626],[80.266818,12.990714]]],"type":"Polygon"},"id":"sa_dt_029","properties":{"customer_count":967,"feature_type":"Service_Area","id":"sa_dt_029","parent_id":"dt_029","synthetic":true},"type":"Feature"},{"geometry":{"coordinates":[[[80.200502,13.11721],[80.199826,13.10971],[80.206013,13.101527],[80.212542,13.102213],[80.217887,13.116662],[80.217715,13.116831],[80.200502,13.11721]]],"type":"Polygon"},"id":"sa_dt_030","properties":{"customer_count":348,"feature_type":"Service_Area","id":"sa_dt_030","parent_id":"dt_030","synthetic":true},"type":"Feature"},{"geometry":{"coordinates":[[[80.18213,13.117905],[80.186654,13.102403],[80.187507,13.102579],[80.189083,13.103065],[80.194071,13.109056],[80.183279,13.120409],[80.18213,13.117905]]],"type":"Polygon"},"id":"sa_dt_031","properties":{"customer_count":1661,"feature_type":"Service_Area","id":"sa_dt_031","parent_id":"dt_031","synthetic":true},"type":"Feature"},{"geometry":{"coordinates":[[[80.241508,12.9523],[80.240613,12.95],[80.262935,12.95],[80.260133,12.964149],[80.25489,12.967523],[80.241508,12.9523]]],"type":"Polygon"},"id":"sa_dt_032","properties":{"customer_count":919,"feature_type":"Service_Area","id":"sa_dt_032","parent_id":"dt_032","synthetic":true},"type":"Feature"},{"geometry":{"coordinates":[[[80.204134,13.15],[80.209614,13.138574],[80.212608,13.134618],[80.214973,13.132867],[80.223247,13.135612],[80.229769,13.149084],[80.229523,13.15],[80.204134,13.15]]],"type":"Polygon"},"id":"sa_dt_033","properties":{"customer_count":1716,"feature_type":"Service_Area","id":"sa_dt_033","parent_id":"dt_033","synthetic":true},"type":"Feature"},{"geometry":{"coordinates":[[[80.280319,13.000823],[80.275678,12.990773],[80.284963,12.989997],[80.280319,13.000823]]],"type":"Polygon"},"id":"sa_dt_034","properties":{"customer_count":1336,"feature_type":"Service_Area","id":"sa_dt_034","parent_id":"dt_034","synthetic":true},"type":"Feature"},{"geometry":{"coordinates":[[[80.213156,13.060783],[80.212963,13.059955],[80.216071,13.046862],[80.222303,13.060218],[80.220249,13.062941],[80.213156,13.060783]]],"type":"Polygon"},"id":"sa_dt_035","properties":{"customer_count":1228,"feature_type":"Service_Area","id":"sa_dt_035","parent_id":"dt_035","synthetic":true},"type":"Feature"},{"geometry":{"coordinates":[[[80.157481,12.992709],[80.15,12.989385],[80.15,12.970553],[80.1684,12.971372],[80.171244,12.973175],[80.170321,12.983908],[80.168142,12.989534],[80.157481,12.992709]]],"type":"Polygon"},"id":"sa_dt_036","properties":{"customer_count":229,"feature_type":"Service_Area","id":"sa_dt_036","parent_id":"dt_036","synthetic":true},"type":"Feature"},{"geometry":{"coordinates":[[[80.191854,12.978567],[80.176983,12.971631],[80.185281,12.957735],[80.200516,12.968286],[80.191854,12.978567]]],"type":"Polygon"},"id":"sa_dt_037","properties":{"customer_count":1297,"feature_type":"Service_Area","id":"sa_dt_037","parent_id":"dt_037","synthetic":true},"type":"Feature"},{"geometry":{"coordinates":[[[80.292053,12.960408],[80.288159,12.95],[80.296978,12.95],[80.298784,12.956415],[80.292053,12.960408]]],"type":"Polygon"},"id":"sa_dt_038","properties":{"customer_count":1229,"feature_type":"Service_Area","id":"sa_dt_038","parent_id":"dt_038","synthetic":true},"type":"Feature"},{"geometry":{"coordinates":[[[80.157634,13.146346],[80.156698,13.15],[80.15,13.15],[80.15,13.127974],[80.151503,13.128511],[80.157634,13.146346]]],"type":"Polygon"},"id":"sa_dt_039","properties":{"customer_count":131,"feature_type":"Service_Area","id":"sa_dt_039","parent_id":"dt_039","synthetic":true},"type":"Feature"},{"geometry":{"coordinates":[[[80.229616,13.10939],[80.235589,13.108337],[80.239558,13.116071],[80.237328,13.118571],[80.227334,13.122148],[80.220991,13.117033],[80.229616,13.10939]]],"type":"Polygon"},"id":"sa_dt_040","properties":{"customer_count":1732,"feature_type":"Service_Area","id":"sa_dt_040","parent_id":"dt_040","synthetic":true},"type":"Feature"},{"geometry":{"coordinates":[[[80.16485,13.139419],[80.158691,13.128999],[80.161665,13.127671],[80.172733,13.128339],[80.168795,13.140632],[80.16485,13.139419]]],"type":"Polygon"},"id":"sa_dt_041","properties":{"customer_count":275,"feature_type":"Service_Area","id":"sa_dt_041","parent_id":"dt_041","synthetic":true},"type":"Feature"},{"geometry":{"coordinates":[[[80.162874,13.059003],[80.15,13.052085],[80.15,13.049986],[80.16878,13.044333],[80.162874,13.059003]]],"type":"Polygon"},"id":"sa_dt_042","properties":{"customer_count":513,"feature_type":"Service_Area","id":"sa_dt_042","parent_id":"dt_042","synthetic":true},"type":"Feature"},{"geometry":{"coordinates":[[[80.22683,13.098287],[80.224364,13.099126],[80.220279,13.098434],[80.22436,13.088962],[80.229251,13.089005],[80.22683,13.098287]]],"type":"Polygon"},"id":"sa_dt_043","properties":{"customer_count":385,"feature_type":"Service_Area","id":"sa_dt_043","parent_id":"dt_043","synthetic":true},"type":"Feature"},{"geometry":{"coordinates":[[[80.264163,13.080583],[80.26589,13.079474],[80.270947,13.079255],[80.271483,13.079711],[80.274518,13.086199],[80.26972,13.094144],[80.268882,13.094051],[80.262911,13.088458],[80.264163,13.080583]]],"type":"Polygon"},"id":"sa_dt_044","properties":{"customer_count":1339,"feature_type":"Service_Area","id":"sa_dt_044","parent_id":"dt_044","synthetic":true},"type":"Feature"},{"geometry":{"coordinates":[[[80.221698,13.069211],[80.220249,13.062941],[80.222303,13.060218],[80.233456,13.057198],[80.235276,13.066999],[80.221698,13.069211]]],"type":"Polygon"},"id":"sa_dt_045","properties":{"customer_count":1375,"feature_type":"Service_Area","id":"sa_dt_045","parent_id":"dt_045","synthetic":true},"type":"Feature"},{"geometry":{"coordinates":[[[80.290639,12.963404],[80.292053,12.960408],[80.298784,12.956415],[80.312844,12.962303],[80.296271,12.970575],[80.290639,12.963404]]],"type":"Polygon"},"id":"sa_dt_046","properties":{"customer_count":1500,"feature_type":"Service_Area","id":"sa_dt_046","parent_id":"dt_046","synthetic":true},"type":"Feature"},{"geometry":{"coordinates":[[[80.238143,13.052244],[80.231718,13.037452],[80.23955,13.03398],[80.244758,13.049401],[80.238143,13.052244]]],"type":"Polygon"},"id":"sa_dt_047","properties":{"customer_count":1365,"feature_type":"Service_Area","id":"sa_dt_047","parent_id":"dt_047","synthetic":true},"type":"Feature"},{"geometry":{"coordinates":[[[80.185281,12.957735],[80.185372,12.956716],[80.187989,12.95],[80.216072,12.95],[80.206463,12.965785],[80.200516,12.968286],[80.185281,12.957735]]],"type":"Polygon"},"id":"sa_dt_048","properties":{"customer_count":1094,"feature_type":"Service_Area","id":"sa_dt_048","parent_id":"dt_048","synthetic":true},"type":"Feature"},{"geometry":{"coordinates":[[[80.307723,13.007442],[80.302584,12.998047],[80.311477,12.9969],[80.315059,12.999066],[80.307723,13.007442]]],"type":"Polygon"},"id":"sa_dt_049","properties":{"customer_count":1889,"feature_type":"Service_Area","id":"sa_dt_049","parent_id":"dt_049","synthetic":true},"type":"Feature"},{"geometry":{"coordinates":[[[80.196126,13.071565],[80.198014,13.067955],[80.206212,13.067815],[80.214799,13.081727],[80.214299,13.082152],[80.197635,13.080273],[80.196126,13.071565]]],"type":"Polygon"},"id":"sa_dt_050","properties":{"customer_count":743,"feature_type":"Service_Area","id":"sa_dt_050","parent_id":"dt_050","synthetic":true},"type":"Feature"},{"geometry":{"coordinates":[[[80.223247,13.135612],[80.228716,13.127016],[80.236432,13.131065],[80.241715,13.136531],[80.229769,13.149084],[80.223247,13.135612]]],"type":"Polygon"},"id":"sa_dt_051","properties":{"customer_count":600,"feature_type":"Service_Area","id":"sa_dt_051","parent_id":"dt_051","synthetic":true},"type":"Feature"},{"geometry":{"coordinates":[[[80.194071,13.109056],[80.189083,13.103065],[80.201838,13.098233],[80.202568,13.098188],[80.206013,13.101527],[80.199826,13.10971],[80.194071,13.109056]]],"type":"Polygon"},"id":"sa_dt_052","properties":{"customer_count":839,"feature_type":"Service_Area","id":"sa_dt_052","parent_id":"dt_052","synthetic":true},"type":"Feature"},{"geometry":{"coordinates":[[[80.307415,13.142422],[80.305481,13.15],[80.29546,13.15],[80.297469,13.138862],[80.307415,13.142422]]],"type":"Polygon"},"id":"sa_dt_053","properties":{"customer_count":415,"feature_type":"Service_Area","id":"sa_dt_053","parent_id":"dt_053","synthetic":true},"type":"Feature"},{"geometry":{"coordinates":[[[80.16635,13.06632],[80.166992,13.063383],[80.174809,13.058805],[80.180945,13.064471],[80.183293,13.071257],[80.17871,13.075535],[80.176151,13.075296],[80.16635,13.06632]]],"type":"Polygon"},"id":"sa_dt_054","properties":{"customer_count":274,"feature_type":"Service_Area","id":"sa_dt_054","parent_id":"dt_054","synthetic":true},"type":"Feature"},{"geometry":{"coordinates":[[[80.235528,13.010489],[80.228268,13.003093],[80.230362,13.001471],[80.243416,12.999871],[80.246861,13.011548],[80.238774,13.013199],[80.235528,13.010489]]],"type":"Polygon"},"id":"sa_dt_055","properties":{"customer_count":1662,"feature_type":"Service_Area","id":"sa_dt_055","parent_id":"dt_055","synthetic":true},"type":"Feature"},{"geometry":{"coordinates":[[[80.215968,13.040759],[80.215638,13.039934],[80.218158,13.037103],[80.231718,13.037452],[80.238143,13.052244],[80.236425,13.054463],[80.23348,13.057091],[80.215968,13.040759]]],"type":"Polygon"},"id":"sa_dt_056","properties":{"customer_count":278,"feature_type":"Service_Area","id":"sa_dt_056","parent_id":"dt_056","synthetic":true},"type":"Feature"},{"geometry":{"coordinates":[[[80.266437,13.065538],[80.266961,13.064604],[80.274403,13.061279],[80.275106,13.062323],[80.27281,13.072226],[80.267483,13.072024],[80.266437,13.065538]]],"type":"Polygon"},"id":"sa_dt_057","properties":{"customer_count":856,"feature_type":"Service_Area","id":"sa_dt_057","parent_id":"dt_057","synthetic":true},"type":"Feature"},{"geometry":{"coordinates":[[[80.157023,13.015149],[80.15,13.020652],[80.15,12.989385],[80.157481,12.992709],[80.157023,13.015149]]],"type":"Polygon"},"id":"sa_dt_058","properties":{"customer_count":126,"feature_type":"Service_Area","id":"sa_dt_058","parent_id":"dt_058","synthetic":true},"type":"Feature"},{"geometry":{"coordinates":[[[80.26589,13.079474],[80.267483,13.072024],[80.27281,13.072226],[80.274735,13.075527],[80.270947,13.079255],[80.26589,13.079474]]],"type":"Polygon"},"id":"sa_dt_059","properties":{"customer_count":1930,"feature_type":"Service_Area","id":"sa_dt_059","parent_id":"dt_059","synthetic":true},"type":"Feature"},{"geometry":{"coordinates":[[[80.256039,13.070293],[80.258232,13.057087],[80.266961,13.064604],[80.266437,13.065538],[80.256394,13.070546],[80.256039,13.070293]]],"type":"Polygon"},"id":"sa_dt_060","properties":{"customer_count":913,"feature_type":"Service_Area","id":"sa_dt_060","parent_id":"dt_060","synthetic":true},"type":"Feature"},{"geometry":{"coordinates":[[[80.18451,13.00289],[80.184615,12.995735],[80.188858,12.991244],[80.195064,12.988275],[80.204548,12.994203],[80.2052,13.003501],[80.188833,13.005963],[80.18451,13.00289]]],"type":"Polygon"},"id":"sa_dt_061","properties":{"customer_count":715,"feature_type":"Service_Area","id":"sa_dt_061","parent_id":"dt_061","synthetic":true},"type":"Feature"},{"geometry":{"coordinates":[[[80.302299,13.040123],[80.314339,13.031076],[80.32,13.032026],[80.32,13.052962],[80.31731,13.054248],[80.310265,13.056466],[80.302299,13.040123]]],"type":"Polygon"},"id":"sa_dt_062","properties":{"customer_count":407,"feature_type":"Service_Area","id":"sa_dt_062","parent_id":"dt_062","synthetic":true},"type":"Feature"},{"geometry":{"coordinates":[[[80.196751,13.082223],[80.197635,13.080273],[80.214299,13.082152],[80.214023,13.083964],[80.201787,13.093524],[80.196751,13.082223]]],"type":"Polygon"},"id":"sa_dt_063","properties":{"customer_count":373,"feature_type":"Service_Area","id":"sa_dt_063","parent_id":"dt_063","synthetic":true},"type":"Feature"},{"geometry":{"coordinates":[[[80.315059,12.999066],[80.32,12.998876],[80.32,13.011162],[80.306084,13.012386],[80.305725,13.011582],[80.307723,13.007442],[80.315059,12.999066]]],"type":"Polygon"},"id":"sa_dt_064","properties":{"customer_count":1169,"feature_type":"Service_Area","id":"sa_dt_064","parent_id":"dt_064","synthetic":true},"type":"Feature"},{"geometry":{"coordinates":[[[80.291926,13.076926],[80.291566,13.076446],[80.287498,13.069141],[80.296347,13.05686],[80.304918,13.060679],[80.305672,13.075818],[80.291926,13.076926]]],"type":"Polygon"},"id":"sa_dt_065","properties":{"customer_count":284,"feature_type":"Service_Area","id":"sa_dt_065","parent_id":"dt_065","synthetic":true},"type":"Feature"},{"geometry":{"coordinates":[[[80.20742,13.008579],[80.2052,13.003501],[80.204548,12.994203],[80.208506,12.990931],[80.22336,12.992333],[80.226275,13.003139],[80.217904,13.009391],[80.212061,13.010934],[80.20742,13.008579]]],"type":"Polygon"},"id":"sa_dt_066","properties":{"customer_count":1316,"feature_type":"Service_Area","id":"sa_dt_066","parent_id":"dt_066","synthetic":true},"type":"Feature"},{"geometry":{"coordinates":[[[80.240455,13.032405],[80.249665,13.015418],[80.257906,13.025474],[80.256524,13.037049],[80.24044,13.033058],[80.240455,13.032405]]],"type":"Polygon"},"id":"sa_dt_067","properties":{"customer_count":1777,"feature_type":"Service_Area","id":"sa_dt_067","parent_id":"dt_067","synthetic":true},"type":"Feature"},{"geometry":{"coordinates":[[[80.270283,13.108718],[80.275896,13.104609],[80.284374,13.116167],[80.284468,13.116666],[80.27253,13.114479],[80.270283,13.108718]]],"type":"Polygon"},"id":"sa_dt_068","properties":{"customer_count":1135,"feature_type":"Service_Area","id":"sa_dt_068","parent_id":"dt_068","synthetic":true},"type":"Feature"},{"geometry":{"coordinates":[[[80.268653,13.126178],[80.268778,13.118159],[80.27253,13.114479],[80.284468,13.116666],[80.285801,13.118857],[80.28124,13.126404],[80.268653,13.126178]]],"type":"Polygon"},"id":"sa_dt_069","properties":{"customer_count":610,"feature_type":"Service_Area","id":"sa_dt_069","parent_id":"dt_069","synthetic":true},"type":"Feature"},{"geometry":{"coordinates":[[[80.271483,13.079711],[80.270947,13.079255],[80.274735,13.075527],[80.277299,13.074936],[80.277515,13.075146],[80.279627,13.079566],[80.278528,13.081946],[80.271483,13.079711]]],"type":"Polygon"},"id":"sa_dt_070","properties":{"customer_count":431,"feature_type":"Service_Area","id":"sa_dt_070","parent_id":"dt_070","synthetic":true},"type":"Feature"},{"geometry":{"coordinates":[[[80.1684,12.971372],[80.15,12.970553],[80.15,12.955109],[80.166969,12.956322],[80.1684,12.971372]]],"type":"Polygon"},"id":"sa_dt_071","properties":{"customer_count":1743,"feature_type":"Service_Area","id":"sa_dt_071","parent_id":"dt_071","synthetic":true},"type":"Feature"},{"geometry":{"coordinates":[[[80.262779,13.135561],[80.26615,13.127669],[80.268653,13.126178],[80.28124,13.126404],[80.283605,13.136861],[80.278338,13.145806],[80.262779,13.135561]]],"type":"Polygon"},"id":"sa_dt_072","properties":{"customer_count":725,"feature_type":"Service_Area","id":"sa_dt_072","parent_id":"dt_072","synthetic":true},"type":"Feature"},{"geometry":{"coordinates":[[[80.175059,13.095449],[80.182216,13.085495],[80.192046,13.084884],[80.190634,13.093465],[80.1839,13.099245],[80.175059,13.095449]]],"type":"Polygon"},"id":"sa_dt_073","properties":{"customer_count":594,"feature_type":"Service_Area","id":"sa_dt_073","parent_id":"dt_073","synthetic":true},"type":"Feature"},{"geometry":{"coordinates":[[[80.224364,13.099126],[80.22683,13.098287],[80.240519,13.098049],[80.240368,13.098822],[80.235589,13.108337],[80.229616,13.10939],[80.224364,13.099126]]],"type":"Polygon"},"id":"sa_dt_074","properties":{"customer_count":928,"feature_type":"Service_Area","id":"sa_dt_074","parent_id":"dt_074","synthetic":true},"type":"Feature"},{"geometry":{"coordinates":[[[80.166835,13.111148],[80.16616,13.109109],[80.161955,13.092177],[80.174011,13.095712],[80.174134,13.104453],[80.166835,13.111148]]],"type":"Polygon"},"id":"sa_dt_075","properties":{"customer_count":1735,"feature_type":"Service_Area","id":"sa_dt_075","parent_id":"dt_075","synthetic":true},"type":"Feature"},{"geometry":{"coordinates":[[[80.16616,13.109109],[80.166835,13.111148],[80.165827,13.114123],[80.165443,13.114415],[80.159651,13.112665],[80.158573,13.105779],[80.16616,13.109109]]],"type":"Polygon"},"id":"sa_dt_076","properties":{"customer_count":1251,"feature_type":"Service_Area","id":"sa_dt_076","parent_id":"dt_076","synthetic":true},"type":"Feature"},{"geometry":{"coordinates":[[[80.294117,13.054069],[80.292619,13.050375],[80.294069,13.042019],[80.302299,13.040123],[80.310265,13.056466],[80.304918,13.060679],[80.296347,13.05686],[80.294117,13.054069]]],"type":"Polygon"},"id":"sa_dt_077","properties":{"customer_count":630,"feature_type":"Service_Area","id":"sa_dt_077","parent_id":"dt_077","synthetic":true},"type":"Feature"},{"geometry":{"coordinates":[[[80.307415,13.142422],[80.32,13.136944],[80.32,13.15],[80.305481,13.15],[80.307415,13.142422]]],"type":"Polygon"},"id":"sa_dt_078","properties":{"customer_count":450,"feature_type":"Service_Area","id":"sa_dt_078","parent_id":"dt_078","synthetic":true},"type":"Feature"},{"geometry":{"coordinates":[[[80.209614,13.138574],[80.199051,13.125931],[80.203103,13.126203],[80.212608,13.134618],[80.209614,13.138574]]],"type":"Polygon"},"id":"sa_dt_079","properties":{"customer_count":283,"feature_type":"Service_Area","id":"sa_dt_079","parent_id":"dt_079","synthetic":true},"type":"Feature"},{"geometry":{"coordinates":[[[80.243664,12.997015],[80.233397,12.991127],[80.231811,12.988754],[80.240958,12.982388],[80.245747,12.983285],[80.249539,12.988406],[80.249552,12.989588],[80.243664,12.997015]]],"type":"Polygon"},"id":"sa_dt_080","properties":{"customer_count":249,"feature_type":"Service_Area","id":"sa_dt_080","parent_id":"dt_080","synthetic":true},"type":"Feature"},{"geometry":{"coordinates":[[[80.176857,13.044704],[80.171917,13.043363],[80.172035,13.02855],[80.172636,13.02832],[80.177413,13.029324],[80.184166,13.038247],[80.176857,13.044704]]],"type":"Polygon"},"id":"sa_dt_081","properties":{"customer_count":260,"feature_type":"Service_Area","id":"sa_dt_081","parent_id":"dt_081","synthetic":true},"type":"Feature"},{"geometry":{"coordinates":[[[80.177899,13.050633],[80.176857,13.044704],[80.184166,13.038247],[80.18437,13.038188],[80.19823,13.054575],[80.198199,13.054677],[80.196366,13.057876],[80.191961,13.057362],[80.177899,13.050633]]],"type":"Polygon"},"id":"sa_dt_082","properties":{"customer_count":285,"feature_type":"Service_Area","id":"sa_dt_082","parent_id":"dt_082","synthetic":true},"type":"Feature"},{"geometry":{"coordinates":[[[80.180945,13.064471],[80.191961,13.057362],[80.196366,13.057876],[80.198014,13.067955],[80.196126,13.071565],[80.183293,13.071257],[80.180945,13.064471]]],"type":"Polygon"},"id":"sa_dt_083","properties":{"customer_count":275,"feature_type":"Service_Area","id":"sa_dt_083","parent_id":"dt_083","synthetic":true},"type":"Feature"},{"geometry":{"coordinates":[[[80.195064,12.988275],[80.191854,12.978567],[80.200516,12.968286],[80.206463,12.965785],[80.210762,12.976272],[80.211963,12.983189],[80.208506,12.990931],[80.204548,12.994203],[80.195064,12.988275]]],"type":"Polygon"},"id":"sa_dt_084","properties":{"customer_count":693,"feature_type":"Service_Area","id":"sa_dt_084","parent_id":"dt_084","synthetic":true},"type":"Feature"},{"geometry":{"coordinates":[[[80.212608,13.134618],[80.203103,13.126203],[80.215164,13.122341],[80.214973,13.132867],[80.212608,13.134618]]],"type":"Polygon"},"id":"sa_dt_085","properties":{"customer_count":1772,"feature_type":"Service_Area","id":"sa_dt_085","parent_id":"dt_085","synthetic":true},"type":"Feature"},{"geometry":{"coordinates":[[[80.298784,12.956415],[80.296978,12.95],[80.32,12.95],[80.32,12.961689],[80.312844,12.962303],[80.298784,12.956415]]],"type":"Polygon"},"id":"sa_dt_086","properties":{"customer_count":294,"feature_type":"Service_Area","id":"sa_dt_086","parent_id":"dt_086","synthetic":true},"type":"Feature"},{"geometry":{"coordinates":[[[80.281406,13.011542],[80.281336,13.008703],[80.292281,13.006128],[80.293886,13.006162],[80.295263,13.023662],[80.294902,13.023821],[80.293206,13.023376],[80.281406,13.011542]]],"type":"Polygon"},"id":"sa_dt_087","properties":{"customer_count":898,"feature_type":"Service_Area","id":"sa_dt_087","parent_id":"dt_087","synthetic":true},"type":"Feature"},{"geometry":{"coordinates":[[[80.297192,12.987978],[80.290556,12.983231],[80.29485,12.976371],[80.315364,12.978472],[80.306812,12.986713],[80.297192,12.987978]]],"type":"Polygon"},"id":"sa_dt_088","properties":{"customer_count":1276,"feature_type":"Service_Area","id":"sa_dt_088","parent_id":"dt_088","synthetic":true},"type":"Feature"},{"geometry":{"coordinates":[[[80.161955,13.092177],[80.158825,13.090829],[80.176151,13.075296],[80.17871,13.075535],[80.182216,13.085495],[80.175059,13.095449],[80.174011,13.095712],[80.161955,13.092177]]],"type":"Polygon"},"id":"sa_dt_089","properties":{"customer_count":100,"feature_type":"Service_Area","id":"sa_dt_089","parent_id":"dt_089","synthetic":true},"type":"Feature"},{"geometry":{"coordinates":[[[80.295263,13.023662],[80.293886,13.006162],[80.294094,13.006098],[80.305725,13.011582],[80.306084,13.012386],[80.306056,13.023076],[80.295263,13.023662]]],"type":"Polygon"},"id":"sa_dt_090","properties":{"customer_count":407,"feature_type":"Service_Area","id":"sa_dt_090","parent_id":"dt_090","synthetic":true},"type":"Feature"},{"geometry":{"coordinates":[[[80.206212,13.067815],[80.209605,13.066518],[80.219058,13.072164],[80.217618,13.080377],[80.214799,13.081727],[80.206212,13.067815]]],"type":"Polygon"},"id":"sa_dt_091","properties":{"customer_count":566,"feature_type":"Service_Area","id":"sa_dt_091","parent_id":"dt_091","synthetic":true},"type":"Feature"},{"geometry":{"coordinates":[[[80.274735,13.075527],[80.27281,13.072226],[80.275106,13.062323],[80.280241,13.067413],[80.277299,13.074936],[80.274735,13.075527]]],"type":"Polygon"},"id":"sa_dt_092","properties":{"customer_count":470,"feature_type":"Service_Area","id":"sa_dt_092","parent_id":"dt_092","synthetic":true},"type":"Feature"},{"geometry":{"coordinates":[[[80.258232,13.057087],[80.255031,13.051458],[80.255019,13.050111],[80.260289,13.043688],[80.269591,13.043814],[80.274819,13.052238],[80.275062,13.058599],[80.274403,13.061279],[80.266961,13.064604],[80.258232,13.057087]]],"type":"Polygon"},"id":"sa_dt_093","properties":{"customer_count":1597,"feature_type":"Service_Area","id":"sa_dt_093","parent_id":"dt_093","synthetic":true},"type":"Feature"},{"geometry":{"coordinates":[[[80.304573,13.118504],[80.305604,13.117988],[80.32,13.120947],[80.32,13.136944],[80.307415,13.142422],[80.297469,13.138862],[80.296416,13.137232],[80.304573,13.118504]]],"type":"Polygon"},"id":"sa_dt_094","properties":{"customer_count":1038,"feature_type":"Service_Area","id":"sa_dt_094","parent_id":"dt_094","synthetic":true},"type":"Feature"},{"geometry":{"coordinates":[[[80.257823,13.137794],[80.269098,13.15],[80.255222,13.15],[80.254333,13.139334],[80.257823,13.137794]]],"type":"Polygon"},"id":"sa_dt_095","properties":{"customer_count":809,"feature_type":"Service_Area","id":"sa_dt_095","parent_id":"dt_095","synthetic":true},"type":"Feature"},{"geometry":{"coordinates":[[[80.16635,13.06632],[80.15,13.081616],[80.15,13.052085],[80.162874,13.059003],[80.166992,13.063383],[80.16635,13.06632]]],"type":"Polygon"},"id":"sa_dt_096","properties":{"customer_count":1268,"feature_type":"Service_Area","id":"sa_dt_096","parent_id":"dt_096","synthetic":true},"type":"Feature"},{"geometry":{"coordinates":[[[80.284468,13.116666],[80.284374,13.116167],[80.285732,13.110736],[80.29526,13.097566],[80.299925,13.098718],[80.305604,13.117988],[80.304573,13.118504],[80.285801,13.118857],[80.284468,13.116666]]],"type":"Polygon"},"id":"sa_dt_097","properties":{"customer_count":976,"feature_type":"Service_Area","id":"sa_dt_097","parent_id":"dt_097","synthetic":true},"type":"Feature"},{"geometry":{"coordinates":[[[80.16878,13.044333],[80.170634,13.043179],[80.171917,13.043363],[80.176857,13.044704],[80.177899,13.050633],[80.174809,13.058805],[80.166992,13.063383],[80.162874,13.059003],[80.16878,13.044333]]],"type":"Polygon"},"id":"sa_dt_098","properties":{"customer_count":568,"feature_type":"Service_Area","id":"sa_dt_098","parent_id":"dt_098","synthetic":true},"type":"Feature"},{"geometry":{"coordinates":[[[80.174809,13.058805],[80.177899,13.050633],[80.191961,13.057362],[80.180945,13.064471],[80.174809,13.058805]]],"type":"Polygon"},"id":"sa_dt_099","properties":{"customer_count":1748,"feature_type":"Service_Area","id":"sa_dt_099","parent_id":"dt_099","synthetic":true},"type":"Feature"},{"geometry":{"coordinates":[[[80.253936,13.09093],[80.252575,13.079534],[80.258002,13.075961],[80.264163,13.080583],[80.262911,13.088458],[80.253936,13.09093]]],"type":"Polygon"},"id":"sa_dt_100","properties":{"customer_count":163,"feature_type":"Service_Area","id":"sa_dt_100","parent_id":"dt_100","synthetic":true},"type":"Feature"},{"geometry":{"coordinates":[[[80.243016,13.093887],[80.250771,13.07927],[80.252575,13.079534],[80.253936,13.09093],[80.248273,13.094706],[80.243227,13.094297],[80.243016,13.093887]]],"type":"Polygon"},"id":"sa_dt_101","properties":{"customer_count":1144,"feature_type":"Service_Area","id":"sa_dt_101","parent_id":"dt_101","synthetic":true},"type":"Feature"},{"geometry":{"coordinates":[[[80.283605,13.136861],[80.28124,13.126404],[80.285801,13.118857],[80.304573,13.118504],[80.296416,13.137232],[80.283605,13.136861]]],"type":"Polygon"},"id":"sa_dt_102","properties":{"customer_count":809,"feature_type":"Service_Area","id":"sa_dt_102","parent_id":"dt_102","synthetic":true},"type":"Feature"},{"geometry":{"coordinates":[[[80.291524,13.077558],[80.291926,13.076926],[80.305672,13.075818],[80.314427,13.08369],[80.299925,13.098718],[80.29526,13.097566],[80.290047,13.094723],[80.290946,13.079221],[80.291524,13.077558]]],"type":"Polygon"},"id":"sa_dt_103","properties":{"customer_count":844,"feature_type":"Service_Area","id":"sa_dt_103","parent_id":"dt_103","synthetic":true},"type":"Feature"},{"geometry":{"coordinates":[[[80.175773,13.147581],[80.175503,13.15],[80.156698,13.15],[80.157634,13.146346],[80.16485,13.139419],[80.168795,13.140632],[80.175773,13.147581]]],"type":"Polygon"},"id":"sa_dt_104","properties":{"customer_count":1573,"feature_type":"Service_Area","id":"sa_dt_104","parent_id":"dt_104","synthetic":true},"type":"Feature"},{"geometry":{"coordinates":[[[80.218158,13.037103],[80.219035,13.029025],[80.232237,13.020601],[80.240455,13.032405],[80.24044,13.033058],[80.23955,13.03398],[80.231718,13.037452],[80.218158,13.037103]]],"type":"Polygon"},"id":"sa_dt_105","properties":{"customer_count":624,"feature_type":"Service_Area","id":"sa_dt_105","parent_id":"dt_105","synthetic":true},"type":"Feature"},{"geometry":{"coordinates":[[[80.267867,12.967141],[80.260133,12.964149],[80.262935,12.95],[80.275558,12.95],[80.277358,12.959046],[80.267867,12.967141]]],"type":"Polygon"},"id":"sa_dt_106","properties":{"customer_count":1252,"feature_type":"Service_Area","id":"sa_dt_106","parent_id":"dt_106","synthetic":true},"type":"Feature"},{"geometry":{"coordinates":[[[80.26972,13.094144],[80.274518,13.086199],[80.279138,13.084547],[80.280363,13.085477],[80.283051,13.094981],[80.278811,13.097047],[80.276948,13.097597],[80.26972,13.094144]]],"type":"Polygon"},"id":"sa_dt_107","properties":{"customer_count":1120,"feature_type":"Service_Area","id":"sa_dt_107","parent_id":"dt_107","synthetic":true},"type":"Feature"},{"geometry":{"coordinates":[[[80.259548,12.97848],[80.257826,12.974961],[80.268894,12.97054],[80.272853,12.978439],[80.271976,12.979256],[80.259548,12.97848]]],"type":"Polygon"},"id":"sa_dt_108","properties":{"customer_count":1756,"feature_type":"Service_Area","id":"sa_dt_108","parent_id":"dt_108","synthetic":true},"type":"Feature"},{"geometry":{"coordinates":[[[80.229251,13.089005],[80.237618,13.085446],[80.243016,13.093887],[80.243227,13.094297],[80.240519,13.098049],[80.22683,13.098287],[80.229251,13.089005]]],"type":"Polygon"},"id":"sa_dt_109","properties":{"customer_count":984,"feature_type":"Service_Area","id":"sa_dt_109","parent_id":"dt_109","synthetic":true},"type":"Feature"},{"geometry":{"coordinates":[[[80.18437,13.038188],[80.194453,13.030623],[80.210243,13.040352],[80.19823,13.054575],[80.18437,13.038188]]],"type":"Polygon"},"id":"sa_dt_110","properties":{"customer_count":1012,"feature_type":"Service_Area","id":"sa_dt_110","parent_id":"dt_110","synthetic":true},"type":"Feature"},{"geometry":{"coordinates":[[[80.237328,13.118571],[80.239558,13.116071],[80.250798,13.117542],[80.247839,13.130238],[80.238103,13.122284],[80.237328,13.118571]]],"type":"Polygon"},"id":"sa_dt_111","properties":{"customer_count":1944,"feature_type":"Service_Area","id":"sa_dt_111","parent_id":"dt_111","synthetic":true},"type":"Feature"},{"geometry":{"coordinates":[[[80.304918,13.060679],[80.310265,13.056466],[80.31731,13.054248],[80.316703,13.083901],[80.314427,13.08369],[80.305672,13.075818],[80.304918,13.060679]]],"type":"Polygon"},"id":"sa_dt_112","properties":{"customer_count":1849,"feature_type":"Service_Area","id":"sa_dt_112","parent_id":"dt_112","synthetic":true},"type":"Feature"},{"geometry":{"coordinates":[[[80.254179,12.969721],[80.25489,12.967523],[80.260133,12.964149],[80.267867,12.967141],[80.268894,12.97054],[80.257826,12.974961],[80.254179,12.969721]]],"type":"Polygon"},"id":"sa_dt_113","properties":{"customer_count":1023,"feature_type":"Service_Area","id":"sa_dt_113","parent_id":"dt_113","synthetic":true},"type":"Feature"},{"geometry":{"coordinates":[[[80.249539,12.988406],[80.257429,12.982961],[80.266818,12.990714],[80.260925,12.996626],[80.260501,12.996848],[80.249552,12.989588],[80.249539,12.988406]]],"type":"Polygon"},"id":"sa_dt_114","properties":{"customer_count":607,"feature_type":"Service_Area","id":"sa_dt_114","parent_id":"dt_114","synthetic":true},"type":"Feature"},{"geometry":{"coordinates":[[[80.240368,13.098822],[80.240519,13.098049],[80.243227,13.094297],[80.248273,13.094706],[80.258944,13.108198],[80.258518,13.109451],[80.253258,13.116434],[80.25099,13.11739],[80.240368,13.098822]]],"type":"Polygon"},"id":"sa_dt_115","properties":{"customer_count":861,"feature_type":"Service_Area","id":"sa_dt_115","parent_id":"dt_115","synthetic":true},"type":"Feature"},{"geometry":{"coordinates":[[[80.18454,13.017544],[80.188833,13.005963],[80.2052,13.003501],[80.20742,13.008579],[80.194113,13.023426],[80.18454,13.017544]]],"type":"Polygon"},"id":"sa_dt_116","properties":{"customer_count":439,"feature_type":"Service_Area","id":"sa_dt_116","parent_id":"dt_116","synthetic":true},"type":"Feature"},{"geometry":{"coordinates":[[[80.279627,13.079566],[80.277515,13.075146],[80.291566,13.076446],[80.291926,13.076926],[80.291524,13.077558],[80.279627,13.079566]]],"type":"Polygon"},"id":"sa_dt_117","properties":{"customer_count":1267,"feature_type":"Service_Area","id":"sa_dt_117","parent_id":"dt_117","synthetic":true},"type":"Feature"},{"geometry":{"coordinates":[[[80.226275,13.003139],[80.22336,12.992333],[80.229403,12.987845],[80.231811,12.988754],[80.233397,12.991127],[80.230362,13.001471],[80.228268,13.003093],[80.226275,13.003139]]],"type":"Polygon"},"id":"sa_dt_118","properties":{"customer_count":23,"feature_type":"Service_Area","id":"sa_dt_118","parent_id":"dt_118","synthetic":true},"type":"Feature"},{"geometry":{"coordinates":[[[80.247479,12.977261],[80.237784,12.971293],[80.240552,12.968401],[80.251409,12.971273],[80.247479,12.977261]]],"type":"Polygon"},"id":"sa_dt_119","properties":{"customer_count":710,"feature_type":"Service_Area","id":"sa_dt_119","parent_id":"dt_119","synthetic":true},"type":"Feature"},{"geometry":{"coordinates":[[[80.241715,13.136531],[80.236432,13.131065],[80.238103,13.122284],[80.247839,13.130238],[80.247359,13.135268],[80.241715,13.136531]]],"type":"Polygon"},"id":"sa_dt_120","properties":{"customer_count":342,"feature_type":"Service_Area","id":"sa_dt_120","parent_id":"dt_120","synthetic":true},"type":"Feature"},{"geometry":{"coordinates":[[[80.294069,13.042019],[80.291246,13.039038],[80.294902,13.023821],[80.295263,13.023662],[80.306056,13.023076],[80.314339,13.031076],[80.302299,13.040123],[80.294069,13.042019]]],"type":"Polygon"},"id":"sa_dt_121","properties":{"customer_count":1862,"feature_type":"Service_Area","id":"sa_dt_121","parent_id":"dt_121","synthetic":true},"type":"Feature"},{"geometry":{"coordinates":[[[80.271976,12.979256],[80.272853,12.978439],[80.279779,12.977376],[80.289749,12.983366],[80.286953,12.988018],[80.284963,12.989997],[80.275678,12.990773],[80.269906,12.990327],[80.269202,12.989773],[80.271976,12.979256]]],"type":"Polygon"},"id":"sa_dt_122","properties":{"customer_count":1803,"feature_type":"Service_Area","id":"sa_dt_122","parent_id":"dt_122","synthetic":true},"type":"Feature"},{"geometry":{"coordinates":[[[80.226192,12.978617],[80.228348,12.972838],[80.23428,12.973361],[80.240958,12.982388],[80.231811,12.988754],[80.229403,12.987845],[80.226192,12.978617]]],"type":"Polygon"},"id":"sa_dt_123","properties":{"customer_count":1070,"feature_type":"Service_Area","id":"sa_dt_123","parent_id":"dt_123","synthetic":true},"type":"Feature"},{"geometry":{"coordinates":[[[80.238901,13.074223],[80.23734,13.069555],[80.248203,13.061313],[80.249535,13.060866],[80.253419,13.069545],[80.240973,13.074195],[80.238901,13.074223]]],"type":"Polygon"},"id":"sa_dt_124","properties":{"customer_count":731,"feature_type":"Service_Area","id":"sa_dt_124","parent_id":"dt_124","synthetic":true},"type":"Feature"},{"geometry":{"coordinates":[[[80.157023,13.015149],[80.157481,12.992709],[80.168142,12.989534],[80.171662,12.995701],[80.171653,13.009536],[80.170902,13.011399],[80.157023,13.015149]]],"type":"Polygon"},"id":"sa_dt_125","properties":{"customer_count":1914,"feature_type":"Service_Area","id":"sa_dt_125","parent_id":"dt_125","synthetic":true},"type":"Feature"},{"geometry":{"coordinates":[[[80.302584,12.998047],[80.299084,12.997338],[80.297192,12.987978],[80.306812,12.986713],[80.311477,12.9969],[80.302584,12.998047]]],"type":"Polygon"},"id":"sa_dt_126","properties":{"customer_count":1206,"feature_type":"Service_Area","id":"sa_dt_126","parent_id":"dt_126","synthetic":true},"type":"Feature"},{"geometry":{"coordinates":[[[80.165827,13.114123],[80.166835,13.111148],[80.174134,13.104453],[80.17819,13.114368],[80.165827,13.114123]]],"type":"Polygon"},"id":"sa_dt_127","properties":{"customer_count":1156,"feature_type":"Service_Area","id":"sa_dt_127","parent_id":"dt_127","synthetic":true},"type":"Feature"},{"geometry":{"coordinates":[[[80.17871,13.075535],[80.183293,13.071257],[80.196126,13.071565],[80.197635,13.080273],[80.196751,13.082223],[80.192046,13.084884],[80.182216,13.085495],[80.17871,13.075535]]],"type":"Polygon"},"id":"sa_dt_128","properties":{"customer_count":1092,"feature_type":"Service_Area","id":"sa_dt_128","parent_id":"dt_128","synthetic":true},"type":"Feature"},{"geometry":{"coordinates":[[[80.277299,13.074936],[80.280241,13.067413],[80.287429,13.069108],[80.287498,13.069141],[80.291566,13.076446],[80.277515,13.075146],[80.277299,13.074936]]],"type":"Polygon"},"id":"sa_dt_129","properties":{"customer_count":1647,"feature_type":"Service_Area","id":"sa_dt_129","parent_id":"dt_129","synthetic":true},"type":"Feature"},{"geometry":{"coordinates":[[[80.29485,12.976371],[80.296271,12.970575],[80.312844,12.962303],[80.32,12.961689],[80.32,12.975854],[80.315364,12.978472],[80.29485,12.976371]]],"type":"Polygon"},"id":"sa_dt_130","properties":{"customer_count":1064,"feature_type":"Service_Area","id":"sa_dt_130","parent_id":"dt_130","synthetic":true},"type":"Feature"},{"geometry":{"coordinates":[[[80.209605,13.066518],[80.213156,13.060783],[80.220249,13.062941],[80.221698,13.069211],[80.221557,13.069419],[80.219058,13.072164],[80.209605,13.066518]]],"type":"Polygon"},"id":"sa_dt_131","properties":{"customer_count":1008,"feature_type":"Service_Area","id":"sa_dt_131","parent_id":"dt_131","synthetic":true},"type":"Feature"},{"geometry":{"coordinates":[[[80.202568,13.098188],[80.201787,13.093524],[80.214023,13.083964],[80.215043,13.099686],[80.212542,13.102213],[80.206013,13.101527],[80.202568,13.098188]]],"type":"Polygon"},"id":"sa_dt_132","properties":{"customer_count":1156,"feature_type":"Service_Area","id":"sa_dt_132","parent_id":"dt_132","synthetic":true},"type":"Feature"},{"geometry":{"coordinates":[[[80.249535,13.060866],[80.255031,13.051458],[80.258232,13.057087],[80.256039,13.070293],[80.253419,13.069545],[80.249535,13.060866]]],"type":"Polygon"},"id":"sa_dt_133","properties":{"customer_count":1326,"feature_type":"Service_Area","id":"sa_dt_133","parent_id":"dt_133","synthetic":true},"type":"Feature"},{"geometry":{"coordinates":[[[80.289749,12.983366],[80.290556,12.983231],[80.297192,12.987978],[80.299084,12.997338],[80.294094,13.006098],[80.293886,13.006162],[80.292281,13.006128],[80.286953,12.988018],[80.289749,12.983366]]],"type":"Polygon"},"id":"sa_dt_134","properties":{"customer_count":1804,"feature_type":"Service_Area","id":"sa_dt_134","parent_id":"dt_134","synthetic":true},"type":"Feature"},{"geometry":{"coordinates":[[[80.236655,13.079796],[80.238901,13.074223],[80.240973,13.074195],[80.250771,13.07927],[80.243016,13.093887],[80.237618,13.085446],[80.236655,13.079796]]],"type":"Polygon"},"id":"sa_dt_135","properties":{"customer_count":1781,"feature_type":"Service_Area","id":"sa_dt_135","parent_id":"dt_135","synthetic":true},"type":"Feature"},{"geometry":{"coordinates":[[[80.208506,12.990931],[80.211963,12.983189],[80.226192,12.978617],[80.229403,12.987845],[80.22336,12.992333],[80.208506,12.990931]]],"type":"Polygon"},"id":"sa_dt_136","properties":{"customer_count":314,"feature_type":"Service_Area","id":"sa_dt_136","parent_id":"dt_136","synthetic":true},"type":"Feature"},{"geometry":{"coordinates":[[[80.230362,13.001471],[80.233397,12.991127],[80.243664,12.997015],[80.243416,12.999871],[80.230362,13.001471]]],"type":"Polygon"},"id":"sa_dt_137","properties":{"customer_count":1559,"feature_type":"Service_Area","id":"sa_dt_137","parent_id":"dt_137","synthetic":true},"type":"Feature"},{"geometry":{"coordinates":[[[80.206463,12.965785],[80.216072,12.95],[80.219435,12.95],[80.227063,12.970558],[80.210762,12.976272],[80.206463,12.965785]]],"type":"Polygon"},"id":"sa_dt_138","properties":{"customer_count":606,"feature_type":"Service_Area","id":"sa_dt_138","parent_id":"dt_138","synthetic":true},"type":"Feature"},{"geometry":{"coordinates":[[[80.288498,13.094907],[80.283051,13.094981],[80.280363,13.085477],[80.290946,13.079221],[80.290047,13.094723],[80.288498,13.094907]]],"type":"Polygon"},"id":"sa_dt_139","properties":{"customer_count":1699,"feature_type":"Service_Area","id":"sa_dt_139","parent_id":"dt_139","synthetic":true},"type":"Feature"},{"geometry":{"coordinates":[[[80.194115,13.095667],[80.190634,13.093465],[80.192046,13.084884],[80.196751,13.082223],[80.201787,13.093524],[80.202568,13.098188],[80.201838,13.098233],[80.194115,13.095667]]],"type":"Polygon"},"id":"sa_dt_140","properties":{"customer_count":460,"feature_type":"Service_Area","id":"sa_dt_140","parent_id":"dt_140","synthetic":true},"type":"Feature"},{"geometry":{"coordinates":[[[80.190634,13.093465],[80.194115,13.095667],[80.187507,13.102579],[80.186654,13.102403],[80.1839,13.099245],[80.190634,13.093465]]],"type":"Polygon"},"id":"sa_dt_141","properties":{"customer_count":364,"feature_type":"Service_Area","id":"sa_dt_141","parent_id":"dt_141","synthetic":true},"type":"Feature"},{"geometry":{"coordinates":[[[80.151503,13.128511],[80.15,13.127974],[80.15,13.119377],[80.159651,13.112665],[80.165443,13.114415],[80.165676,13.117132],[80.161665,13.127671],[80.158691,13.128999],[80.151503,13.128511]]],"type":"Polygon"},"id":"sa_dt_142","properties":{"customer_count":1332,"feature_type":"Service_Area","id":"sa_dt_142","parent_id":"dt_142","synthetic":true},"type":"Feature"},{"geometry":{"coordinates":[[[80.18213,13.117905],[80.17819,13.114368],[80.174134,13.104453],[80.174011,13.095712],[80.175059,13.095449],[80.1839,13.099245],[80.186654,13.102403],[80.18213,13.117905]]],"type":"Polygon"},"id":"sa_dt_143","properties":{"customer_count":1320,"feature_type":"Service_Area","id":"sa_dt_143","parent_id":"dt_143","synthetic":true},"type":"Feature"},{"geometry":{"coordinates":[[[80.221662,13.011228],[80.217904,13.009391],[80.226275,13.003139],[80.228268,13.003093],[80.235528,13.010489],[80.221662,13.011228]]],"type":"Polygon"},"id":"sa_dt_144","properties":{"customer_count":1278,"feature_type":"Service_Area","id":"sa_dt_144","parent_id":"dt_144","synthetic":true},"type":"Feature"},{"geometry":{"coordinates":[[[80.155613,13.090359],[80.158825,13.090829],[80.161955,13.092177],[80.16616,13.109109],[80.158573,13.105779],[80.155613,13.090359]]],"type":"Polygon"},"id":"sa_dt_145","properties":{"customer_count":1477,"feature_type":"Service_Area","id":"sa_dt_145","parent_id":"dt_145","synthetic":true},"type":"Feature"},{"geometry":{"coordinates":[[[80.171653,13.009536],[80.171662,12.995701],[80.184615,12.995735],[80.18451,13.00289],[80.171653,13.009536]]],"type":"Polygon"},"id":"sa_dt_146","properties":{"customer_count":1134,"feature_type":"Service_Area","id":"sa_dt_146","parent_id":"dt_146","synthetic":true},"type":"Feature"},{"geometry":{"coordinates":[[[80.211963,12.983189],[80.210762,12.976272],[80.227063,12.970558],[80.228348,12.972838],[80.226192,12.978617],[80.211963,12.983189]]],"type":"Polygon"},"id":"sa_dt_147","properties":{"customer_count":974,"feature_type":"Service_Area","id":"sa_dt_147","parent_id":"dt_147","synthetic":true},"type":"Feature"},{"geometry":{"coordinates":[[[80.23348,13.057091],[80.236425,13.054463],[80.248203,13.061313],[80.23734,13.069555],[80.235276,13.066999],[80.233456,13.057198],[80.23348,13.057091]]],"type":"Polygon"},"id":"sa_dt_148","properties":{"customer_count":829,"feature_type":"Service_Area","id":"sa_dt_148","parent_id":"dt_148","synthetic":true},"type":"Feature"},{"geometry":{"coordinates":[[[80.243416,12.999871],[80.243664,12.997015],[80.249552,12.989588],[80.260501,12.996848],[80.257994,13.008039],[80.249069,13.0128],[80.246861,13.011548],[80.243416,12.999871]]],"type":"Polygon"},"id":"sa_dt_149","properties":{"customer_count":370,"feature_type":"Service_Area","id":"sa_dt_149","parent_id":"dt_149","synthetic":true},"type":"Feature"},{"geometry":{"coordinates":[[[80.184166,13.038247],[80.177413,13.029324],[80.18042,13.01706],[80.18454,13.017544],[80.194113,13.023426],[80.194453,13.030623],[80.18437,13.038188],[80.184166,13.038247]]],"type":"Polygon"},"id":"sa_dt_150","properties":{"customer_count":1824,"feature_type":"Service_Area","id":"sa_dt_150","parent_id":"dt_150","synthetic":true},"type":"Feature"},{"geometry":{"coordinates":[[[80.294094,13.006098],[80.299084,12.997338],[80.302584,12.998047],[80.307723,13.007442],[80.305725,13.011582],[80.294094,13.006098]]],"type":"Polygon"},"id":"sa_dt_151","properties":{"customer_count":1225,"feature_type":"Service_Area","id":"sa_dt_151","parent_id":"dt_151","synthetic":true},"type":"Feature"},{"geometry":{"coordinates":[[[80.158825,13.090829],[80.155613,13.090359],[80.15,13.088012],[80.15,13.081616],[80.16635,13.06632],[80.176151,13.075296],[80.158825,13.090829]]],"type":"Polygon"},"id":"sa_dt_152","properties":{"customer_count":1862,"feature_type":"Service_Area","id":"sa_dt_152","parent_id":"dt_152","synthetic":true},"type":"Feature"},{"geometry":{"coordinates":[[[80.172636,13.02832],[80.172649,13.012853],[80.18042,13.01706],[80.177413,13.029324],[80.172636,13.02832]]],"type":"Polygon"},"id":"sa_dt_153","properties":{"customer_count":83,"feature_type":"Service_Area","id":"sa_dt_153","parent_id":"dt_153","synthetic":true},"type":"Feature"},{"geometry":{"coordinates":[[[80.280363,13.085477],[80.279138,13.084547],[80.278528,13.081946],[80.279627,13.079566],[80.291524,13.077558],[80.290946,13.079221],[80.280363,13.085477]]],"type":"Polygon"},"id":"sa_dt_154","properties":{"customer_count":926,"feature_type":"Service_Area","id":"sa_dt_154","parent_id":"dt_154","synthetic":true},"type":"Feature"},{"geometry":{"coordinates":[[[80.168045,12.953047],[80.167849,12.95],[80.187989,12.95],[80.185372,12.956716],[80.168045,12.953047]]],"type":"Polygon"},"id":"sa_dt_155","properties":{"customer_count":1242,"feature_type":"Service_Area","id":"sa_dt_155","parent_id":"dt_155","synthetic":true},"type":"Feature"},{"geometry":{"coordinates":[[[80.217715,13.116831],[80.217887,13.116662],[80.220991,13.117033],[80.227334,13.122148],[80.228716,13.127016],[80.223247,13.135612],[80.214973,13.132867],[80.215164,13.122341],[80.217715,13.116831]]],"type":"Polygon"},"id":"sa_dt_156","properties":{"customer_count":541,"feature_type":"Service_Area","id":"sa_dt_156","parent_id":"dt_156","synthetic":true},"type":"Feature"},{"geometry":{"coordinates":[[[80.297469,13.138862],[80.29546,13.15],[80.278549,13.15],[80.278338,13.145806],[80.283605,13.136861],[80.296416,13.137232],[80.297469,13.138862]]],"type":"Polygon"},"id":"sa_dt_157","properties":{"customer_count":1692,"feature_type":"Service_Area","id":"sa_dt_157","parent_id":"dt_157","synthetic":true},"type":"Feature"},{"geometry":{"coordinates":[[[80.219058,13.072164],[80.221557,13.069419],[80.232137,13.079618],[80.21863,13.080737],[80.217618,13.080377],[80.219058,13.072164]]],"type":"Polygon"},"id":"sa_dt_158","properties":{"customer_count":753,"feature_type":"Service_Area","id":"sa_dt_158","parent_id":"dt_158","synthetic":true},"type":"Feature"},{"geometry":{"coordinates":[[[80.277358,12.959046],[80.275558,12.95],[80.288159,12.95],[80.292053,12.960408],[80.290639,12.963404],[80.281623,12.963757],[80.277358,12.959046]]],"type":"Polygon"},"id":"sa_dt_159","properties":{"customer_count":1027,"feature_type":"Service_Area","id":"sa_dt_159","parent_id":"dt_159","synthetic":true},"type":"Feature"},{"geometry":{"coordinates":[[[80.260323,13.107466],[80.268882,13.094051],[80.26972,13.094144],[80.276948,13.097597],[80.275896,13.104609],[80.270283,13.108718],[80.260323,13.107466]]],"type":"Polygon"},"id":"sa_dt_160","properties":{"customer_count":1441,"feature_type":"Service_Area","id":"sa_dt_160","parent_id":"dt_160","synthetic":true},"type":"Feature"},{"geometry":{"coordinates":[[[80.161665,13.127671],[80.165676,13.117132],[80.179913,13.126028],[80.172733,13.128339],[80.161665,13.127671]]],"type":"Polygon"},"id":"sa_dt_161","properties":{"customer_count":539,"feature_type":"Service_Area","id":"sa_dt_161","parent_id":"dt_161","synthetic":true},"type":"Feature"},{"geometry":{"coordinates":[[[80.189083,13.103065],[80.187507,13.102579],[80.194115,13.095667],[80.201838,13.098233],[80.189083,13.103065]]],"type":"Polygon"},"id":"sa_dt_162","properties":{"customer_count":181,"feature_type":"Service_Area","id":"sa_dt_162","parent_id":"dt_162","synthetic":true},"type":"Feature"},{"geometry":{"coordinates":[[[80.166969,12.956322],[80.15,12.955109],[80.15,12.95],[80.167849,12.95],[80.168045,12.953047],[80.166969,12.956322]]],"type":"Polygon"},"id":"sa_dt_163","properties":{"customer_count":494,"feature_type":"Service_Area","id":"sa_dt_163","parent_id":"dt_163","synthetic":true},"type":"Feature"},{"geometry":{"coordinates":[[[80.187659,13.128787],[80.195684,13.125047],[80.199051,13.125931],[80.209614,13.138574],[80.204134,13.15],[80.20371,13.15],[80.187994,13.132366],[80.187659,13.128787]]],"type":"Polygon"},"id":"sa_dt_164","properties":{"customer_count":779,"feature_type":"Service_Area","id":"sa_dt_164","parent_id":"dt_164","synthetic":true},"type":"Feature"},{"geometry":{"coordinates":[[[80.266818,12.990714],[80.257429,12.982961],[80.259548,12.97848],[80.271976,12.979256],[80.269202,12.989773],[80.266818,12.990714]]],"type":"Polygon"},"id":"sa_dt_165","properties":{"customer_count":1114,"feature_type":"Service_Area","id":"sa_dt_165","parent_id":"dt_165","synthetic":true},"type":"Feature"},{"geometry":{"coordinates":[[[80.16878,13.044333],[80.15,13.049986],[80.15,13.0238],[80.15899,13.029212],[80.170634,13.043179],[80.16878,13.044333]]],"type":"Polygon"},"id":"sa_dt_166","properties":{"customer_count":1588,"feature_type":"Service_Area","id":"sa_dt_166","parent_id":"dt_166","synthetic":true},"type":"Feature"},{"geometry":{"coordinates":[[[80.287429,13.069108],[80.285468,13.059329],[80.294117,13.054069],[80.296347,13.05686],[80.287498,13.069141],[80.287429,13.069108]]],"type":"Polygon"},"id":"sa_dt_167","properties":{"customer_count":1964,"feature_type":"Service_Area","id":"sa_dt_167","parent_id":"dt_167","synthetic":true},"type":"Feature"},{"geometry":{"coordinates":[[[80.277105,13.035283],[80.276806,13.028696],[80.293206,13.023376],[80.294902,13.023821],[80.291246,13.039038],[80.277105,13.035283]]],"type":"Polygon"},"id":"sa_dt_168","properties":{"customer_count":1374,"feature_type":"Service_Area","id":"sa_dt_168","parent_id":"dt_168","synthetic":true},"type":"Feature"},{"geometry":{"coordinates":[[[80.236425,13.054463],[80.238143,13.052244],[80.244758,13.049401],[80.255019,13.050111],[80.255031,13.051458],[80.249535,13.060866],[80.248203,13.061313],[80.236425,13.054463]]],"type":"Polygon"},"id":"sa_dt_169","properties":{"customer_count":1168,"feature_type":"Service_Area","id":"sa_dt_169","parent_id":"dt_169","synthetic":true},"type":"Feature"},{"geometry":{"coordinates":[[[80.168795,13.140632],[80.172733,13.128339],[80.179913,13.126028],[80.184129,13.125506],[80.187659,13.128787],[80.187994,13.132366],[80.175773,13.147581],[80.168795,13.140632]]],"type":"Polygon"},"id":"sa_dt_170","properties":{"customer_count":1525,"feature_type":"Service_Area","id":"sa_dt_170","parent_id":"dt_170","synthetic":true},"type":"Feature"},{"geometry":{"coordinates":[[[80.254333,13.139334],[80.255222,13.15],[80.229523,13.15],[80.229769,13.149084],[80.241715,13.136531],[80.247359,13.135268],[80.254333,13.139334]]],"type":"Polygon"},"id":"sa_dt_171","properties":{"customer_count":1768,"feature_type":"Service_Area","id":"sa_dt_171","parent_id":"dt_171","synthetic":true},"type":"Feature"},{"geometry":{"coordinates":[[[80.257994,13.008039],[80.260501,12.996848],[80.260925,12.996626],[80.277225,13.004983],[80.278197,13.006161],[80.266002,13.010344],[80.257994,13.008039]]],"type":"Polygon"},"id":"sa_dt_172","properties":{"customer_count":664,"feature_type":"Service_Area","id":"sa_dt_172","parent_id":"dt_172","synthetic":true},"type":"Feature"},{"geometry":{"coordinates":[[[80.170902,13.011399],[80.171653,13.009536],[80.18451,13.00289],[80.188833,13.005963],[80.18454,13.017544],[80.18042,13.01706],[80.172649,13.012853],[80.170902,13.011399]]],"type":"Polygon"},"id":"sa_dt_173","properties":{"customer_count":942,"feature_type":"Service_Area","id":"sa_dt_173","parent_id":"dt_173","synthetic":true},"type":"Feature"},{"geometry":{"coordinates":[[[80.171662,12.995701],[80.168142,12.989534],[80.170321,12.983908],[80.188858,12.991244],[80.184615,12.995735],[80.171662,12.995701]]],"type":"Polygon"},"id":"sa_dt_174","properties":{"customer_count":655,"feature_type":"Service_Area","id":"sa_dt_174","parent_id":"dt_174","synthetic":true},"type":"Feature"},{"geometry":{"coordinates":[[[80.316703,13.083901],[80.32,13.084503],[80.32,13.120947],[80.305604,13.117988],[80.299925,13.098718],[80.314427,13.08369],[80.316703,13.083901]]],"type":"Polygon"},"id":"sa_dt_175","properties":{"customer_count":1224,"feature_type":"Service_Area","id":"sa_dt_175","parent_id":"dt_175","synthetic":true},"type":"Feature"},{"geometry":{"coordinates":[[[80.267744,13.022882],[80.266002,13.010344],[80.278197,13.006161],[80.278459,13.006222],[80.281336,13.008703],[80.281406,13.011542],[80.275735,13.026194],[80.267744,13.022882]]],"type":"Polygon"},"id":"sa_dt_176","properties":{"customer_count":642,"feature_type":"Service_Area","id":"sa_dt_176","parent_id":"dt_176","synthetic":true},"type":"Feature"},{"geometry":{"coordinates":[[[80.257823,13.137794],[80.262779,13.135561],[80.278338,13.145806],[80.278549,13.15],[80.269098,13.15],[80.257823,13.137794]]],"type":"Polygon"},"id":"sa_dt_177","properties":{"customer_count":725,"feature_type":"Service_Area","id":"sa_dt_177","parent_id":"dt_177","synthetic":true},"type":"Feature"},{"geometry":{"coordinates":[[[80.281336,13.008703],[80.278459,13.006222],[80.280319,13.000823],[80.284963,12.989997],[80.286953,12.988018],[80.292281,13.006128],[80.281336,13.008703]]],"type":"Polygon"},"id":"sa_dt_178","properties":{"customer_count":524,"feature_type":"Service_Area","id":"sa_dt_178","parent_id":"dt_178","synthetic":true},"type":"Feature"},{"geometry":{"coordinates":[[[80.187994,13.132366],[80.20371,13.15],[80.175503,13.15],[80.175773,13.147581],[80.187994,13.132366]]],"type":"Polygon"},"id":"sa_dt_179","properties":{"customer_count":552,"feature_type":"Service_Area","id":"sa_dt_179","parent_id":"dt_179","synthetic":true},"type":"Feature"},{"geometry":{"coordinates":[[[80.159651,13.112665],[80.15,13.119377],[80.15,13.088012],[80.155613,13.090359],[80.158573,13.105779],[80.159651,13.112665]]],"type":"Polygon"},"id":"sa_dt_180","properties":{"customer_count":800,"feature_type":"Service_Area","id":"sa_dt_180","parent_id":"dt_180","synthetic":true},"type":"Feature"},{"geometry":{"coordinates":[[[80.170321,12.983908],[80.171244,12.973175],[80.176983,12.971631],[80.191854,12.978567],[80.195064,12.988275],[80.188858,12.991244],[80.170321,12.983908]]],"type":"Polygon"},"id":"sa_dt_181","properties":{"customer_count":344,"feature_type":"Service_Area","id":"sa_dt_181","parent_id":"dt_181","synthetic":true},"type":"Feature"},{"geometry":{"coordinates":[[[80.23316,13.018051],[80.221662,13.011228],[80.235528,13.010489],[80.238774,13.013199],[80.23316,13.018051]]],"type":"Polygon"},"id":"sa_dt_182","properties":{"customer_count":1687,"feature_type":"Service_Area","id":"sa_dt_182","parent_id":"dt_182","synthetic":true},"type":"Feature"},{"geometry":{"coordinates":[[[80.315364,12.978472],[80.32,12.975854],[80.32,12.998876],[80.315059,12.999066],[80.311477,12.9969],[80.306812,12.986713],[80.315364,12.978472]]],"type":"Polygon"},"id":"sa_dt_183","properties":{"customer_count":1463,"feature_type":"Service_Area","id":"sa_dt_183","parent_id":"dt_183","synthetic":true},"type":"Feature"},{"geometry":{"coordinates":[[[80.253258,13.116434],[80.258518,13.109451],[80.268778,13.118159],[80.268653,13.126178],[80.26615,13.127669],[80.253258,13.116434]]],"type":"Polygon"},"id":"sa_dt_184","properties":{"customer_count":806,"feature_type":"Service_Area","id":"sa_dt_184","parent_id":"dt_184","synthetic":true},"type":"Feature"},{"geometry":{"coordinates":[[[80.249539,12.988406],[80.245747,12.983285],[80.247479,12.977261],[80.251409,12.971273],[80.254179,12.969721],[80.257826,12.974961],[80.259548,12.97848],[80.257429,12.982961],[80.249539,12.988406]]],"type":"Polygon"},"id":"sa_dt_185","properties":{"customer_count":1237,"feature_type":"Service_Area","id":"sa_dt_185","parent_id":"dt_185","synthetic":true},"type":"Feature"},{"geometry":{"coordinates":[[[80.232237,13.020601],[80.23316,13.018051],[80.238774,13.013199],[80.246861,13.011548],[80.249069,13.0128],[80.249665,13.015418],[80.240455,13.032405],[80.232237,13.020601]]],"type":"Polygon"},"id":"sa_dt_186","properties":{"customer_count":865,"feature_type":"Service_Area","id":"sa_dt_186","parent_id":"dt_186","synthetic":true},"type":"Feature"},{"geometry":{"coordinates":[[[80.260289,13.043688],[80.256524,13.037049],[80.257906,13.025474],[80.267744,13.022882],[80.275735,13.026194],[80.276806,13.028696],[80.277105,13.035283],[80.269591,13.043814],[80.260289,13.043688]]],"type":"Polygon"},"id":"sa_dt_187","properties":{"customer_count":1761,"feature_type":"Service_Area","id":"sa_dt_187","parent_id":"dt_187","synthetic":true},"type":"Feature"},{"geometry":{"coordinates":[[[80.258002,13.075961],[80.256394,13.070546],[80.266437,13.065538],[80.267483,13.072024],[80.26589,13.079474],[80.264163,13.080583],[80.258002,13.075961]]],"type":"Polygon"},"id":"sa_dt_188","properties":{"customer_count":541,"feature_type":"Service_Area","id":"sa_dt_188","parent_id":"dt_188","synthetic":true},"type":"Feature"},{"geometry":{"coordinates":[[[80.212542,13.102213],[80.215043,13.099686],[80.220279,13.098434],[80.224364,13.099126],[80.229616,13.10939],[80.220991,13.117033],[80.217887,13.116662],[80.212542,13.102213]]],"type":"Polygon"},"id":"sa_dt_189","properties":{"customer_count":183,"feature_type":"Service_Area","id":"sa_dt_189","parent_id":"dt_189","synthetic":true},"type":"Feature"},{"geometry":{"coordinates":[[[80.251409,12.971273],[80.240552,12.968401],[80.241508,12.9523],[80.25489,12.967523],[80.254179,12.969721],[80.251409,12.971273]]],"type":"Polygon"},"id":"sa_dt_190","properties":{"customer_count":427,"feature_type":"Service_Area","id":"sa_dt_190","parent_id":"dt_190","synthetic":true},"type":"Feature"},{"geometry":{"coordinates":[[[80.194453,13.030623],[80.194113,13.023426],[80.20742,13.008579],[80.212061,13.010934],[80.219035,13.029025],[80.218158,13.037103],[80.215638,13.039934],[80.210243,13.040352],[80.194453,13.030623]]],"type":"Polygon"},"id":"sa_dt_191","properties":{"customer_count":935,"feature_type":"Service_Area","id":"sa_dt_191","parent_id":"dt_191","synthetic":true},"type":"Feature"},{"geometry":{"coordinates":[[[80.23955,13.03398],[80.24044,13.033058],[80.256524,13.037049],[80.260289,13.043688],[80.255019,13.050111],[80.244758,13.049401],[80.23955,13.03398]]],"type":"Polygon"},"id":"sa_dt_192","properties":{"customer_count":1218,"feature_type":"Service_Area","id":"sa_dt_192","parent_id":"dt_192","synthetic":true},"type":"Feature"},{"geometry":{"coordinates":[[[80.198199,13.054677],[80.19823,13.054575],[80.210243,13.040352],[80.215638,13.039934],[80.215968,13.040759],[80.216071,13.046862],[80.212963,13.059955],[80.198199,13.054677]]],"type":"Polygon"},"id":"sa_dt_193","properties":{"customer_count":877,"feature_type":"Service_Area","id":"sa_dt_193","parent_id":"dt_193","synthetic":true},"type":"Feature"},{"geometry":{"coordinates":[[[80.216071,13.046862],[80.215968,13.040759],[80.23348,13.057091],[80.233456,13.057198],[80.222303,13.060218],[80.216071,13.046862]]],"type":"Polygon"},"id":"sa_dt_194","properties":{"customer_count":1314,"feature_type":"Service_Area","id":"sa_dt_194","parent_id":"dt_194","synthetic":true},"type":"Feature"},{"geometry":{"coordinates":[[[80.283051,13.094981],[80.288498,13.094907],[80.284939,13.107135],[80.278811,13.097047],[80.283051,13.094981]]],"type":"Polygon"},"id":"sa_dt_195","properties":{"customer_count":680,"feature_type":"Service_Area","id":"sa_dt_195","parent_id":"dt_195","synthetic":true},"type":"Feature"},{"geometry":{"coordinates":[[[80.276948,13.097597],[80.278811,13.097047],[80.284939,13.107135],[80.285732,13.110736],[80.284374,13.116167],[80.275896,13.104609],[80.276948,13.097597]]],"type":"Polygon"},"id":"sa_dt_196","properties":{"customer_count":1706,"feature_type":"Service_Area","id":"sa_dt_196","parent_id":"dt_196","synthetic":true},"type":"Feature"},{"geometry":{"coordinates":[[[80.199051,13.125931],[80.195684,13.125047],[80.200502,13.11721],[80.217715,13.116831],[80.215164,13.122341],[80.203103,13.126203],[80.199051,13.125931]]],"type":"Polygon"},"id":"sa_dt_197","properties":{"customer_count":921,"feature_type":"Service_Area","id":"sa_dt_197","parent_id":"dt_197","synthetic":true},"type":"Feature"},{"geometry":{"coordinates":[[[80.285732,13.110736],[80.284939,13.107135],[80.288498,13.094907],[80.290047,13.094723],[80.29526,13.097566],[80.285732,13.110736]]],"type":"Polygon"},"id":"sa_dt_198","properties":{"customer_count":623,"feature_type":"Service_Area","id":"sa_dt_198","parent_id":"dt_198","synthetic":true},"type":"Feature"},{"geometry":{"coordinates":[[[80.240958,12.982388],[80.23428,12.973361],[80.237784,12.971293],[80.247479,12.977261],[80.245747,12.983285],[80.240958,12.982388]]],"type":"Polygon"},"id":"sa_dt_199","properties":{"customer_count":1527,"feature_type":"Service_Area","id":"sa_dt_199","parent_id":"dt_199","synthetic":true},"type":"Feature"},{"geometry":{"coordinates":[[[80.306084,13.012386],[80.32,13.011162],[80.32,13.032026],[80.314339,13.031076],[80.306056,13.023076],[80.306084,13.012386]]],"type":"Polygon"},"id":"sa_dt_200","properties":{"customer_count":1236,"feature_type":"Service_Area","id":"sa_dt_200","parent_id":"dt_200","synthetic":true},"type":"Feature"},{"geometry":{"coordinates":[80.17,12.97],"type":"Point"},"id":"sub_001","properties":{"customer_count":17433,"feature_type":"Substation","id":"sub_001","synthetic":true},"type":"Feature"},{"geometry":{"coordinates":[80.23,12.99],"type":"Point"},"id":"sub_002","properties":{"customer_count":101228,"feature_type":"Substation","id":"sub_002","synthetic":true},"type":"Feature"},{"geometry":{"coordinates":[80.19,13.06],"type":"Point"},"id":"sub_003","properties":{"customer_count":36287,"feature_type":"Substation","id":"sub_003","synthetic":true},"type":"Feature"},{"geometry":{"coordinates":[80.27,13.09],"type":"Point"},"id":"sub_004","properties":{"customer_count":42720,"feature_type":"Substation","id":"sub_004","synthetic":true},"type":"Feature"}],"type":"FeatureCollection"}
